--------------------------------------------------------
-- Archivo creado  - lunes-noviembre-30-2020   
--------------------------------------------------------
--------------------------------------------------------
--  DDL for Sequence SEQ_DOC
--------------------------------------------------------

   CREATE SEQUENCE  "PF_G1"."SEQ_DOC"  MINVALUE 1 MAXVALUE 9999999999999999999999999999 INCREMENT BY 1 START WITH 21 CACHE 20 NOORDER  NOCYCLE ;
--------------------------------------------------------
--  DDL for Sequence SEQ_PERS
--------------------------------------------------------

   CREATE SEQUENCE  "PF_G1"."SEQ_PERS"  MINVALUE 1 MAXVALUE 9999999999999999999999999999 INCREMENT BY 1 START WITH 21 CACHE 20 NOORDER  NOCYCLE ;
--------------------------------------------------------
--  DDL for Sequence STAT
--------------------------------------------------------

   CREATE SEQUENCE  "PF_G1"."STAT"  MINVALUE 1 MAXVALUE 9999999999999999999999999999 INCREMENT BY 1 START WITH 41 CACHE 20 NOORDER  NOCYCLE ;
--------------------------------------------------------
--  DDL for Sequence TRIG_PER
--------------------------------------------------------

   CREATE SEQUENCE  "PF_G1"."TRIG_PER"  MINVALUE 1 MAXVALUE 9999999999999999999999999999 INCREMENT BY 1 START WITH 21 CACHE 20 NOORDER  NOCYCLE ;
--------------------------------------------------------
--  DDL for Sequence TRIG_STAD
--------------------------------------------------------

   CREATE SEQUENCE  "PF_G1"."TRIG_STAD"  MINVALUE 1 MAXVALUE 9999999999999999999999999999 INCREMENT BY 1 START WITH 1 CACHE 20 NOORDER  NOCYCLE ;
--------------------------------------------------------
--  DDL for Table CONTROL_INFECT
--------------------------------------------------------

  CREATE TABLE "PF_G1"."CONTROL_INFECT" 
   (	"N_INF" NUMBER, 
	"ID_PERS" NUMBER, 
	"CEDULA_P" VARCHAR2(20 BYTE), 
	"NOMBRE_P" VARCHAR2(20 BYTE), 
	"APELLIDO_P" VARCHAR2(20 BYTE), 
	"EDAD" NUMBER, 
	"FEC_D" DATE, 
	"USUARIO" VARCHAR2(15 BYTE)
   ) SEGMENT CREATION IMMEDIATE 
  PCTFREE 10 PCTUSED 40 INITRANS 1 MAXTRANS 255 NOCOMPRESS LOGGING
  STORAGE(INITIAL 65536 NEXT 1048576 MINEXTENTS 1 MAXEXTENTS 2147483645
  PCTINCREASE 0 FREELISTS 1 FREELIST GROUPS 1 BUFFER_POOL DEFAULT FLASH_CACHE DEFAULT CELL_FLASH_CACHE DEFAULT)
  TABLESPACE "SYSTEM" ;
--------------------------------------------------------
--  DDL for Table CONTROL_STAT
--------------------------------------------------------

  CREATE TABLE "PF_G1"."CONTROL_STAT" 
   (	"MUJER" NUMBER, 
	"HOMBRE" NUMBER, 
	"EDADA" NUMBER, 
	"EDADB" NUMBER, 
	"EDADC" NUMBER, 
	"FECHA" DATE, 
	"USUARIO" VARCHAR2(15 BYTE)
   ) SEGMENT CREATION IMMEDIATE 
  PCTFREE 10 PCTUSED 40 INITRANS 1 MAXTRANS 255 NOCOMPRESS LOGGING
  STORAGE(INITIAL 65536 NEXT 1048576 MINEXTENTS 1 MAXEXTENTS 2147483645
  PCTINCREASE 0 FREELISTS 1 FREELIST GROUPS 1 BUFFER_POOL DEFAULT FLASH_CACHE DEFAULT CELL_FLASH_CACHE DEFAULT)
  TABLESPACE "SYSTEM" ;
--------------------------------------------------------
--  DDL for Table CORREGIMIENTO
--------------------------------------------------------

  CREATE TABLE "PF_G1"."CORREGIMIENTO" 
   (	"COD_CORREG" NUMBER, 
	"NOMBRE_CORREG" VARCHAR2(20 BYTE), 
	"COD_DIST" NUMBER
   ) SEGMENT CREATION IMMEDIATE 
  PCTFREE 10 PCTUSED 40 INITRANS 1 MAXTRANS 255 NOCOMPRESS LOGGING
  STORAGE(INITIAL 65536 NEXT 1048576 MINEXTENTS 1 MAXEXTENTS 2147483645
  PCTINCREASE 0 FREELISTS 1 FREELIST GROUPS 1 BUFFER_POOL DEFAULT FLASH_CACHE DEFAULT CELL_FLASH_CACHE DEFAULT)
  TABLESPACE "SYSTEM" ;
--------------------------------------------------------
--  DDL for Table DISTRITO
--------------------------------------------------------

  CREATE TABLE "PF_G1"."DISTRITO" 
   (	"COD_DIST" NUMBER, 
	"NOMBRE_DIST" VARCHAR2(20 BYTE), 
	"COD_PROV" NUMBER
   ) SEGMENT CREATION IMMEDIATE 
  PCTFREE 10 PCTUSED 40 INITRANS 1 MAXTRANS 255 NOCOMPRESS LOGGING
  STORAGE(INITIAL 65536 NEXT 1048576 MINEXTENTS 1 MAXEXTENTS 2147483645
  PCTINCREASE 0 FREELISTS 1 FREELIST GROUPS 1 BUFFER_POOL DEFAULT FLASH_CACHE DEFAULT CELL_FLASH_CACHE DEFAULT)
  TABLESPACE "SYSTEM" ;
--------------------------------------------------------
--  DDL for Table DOCTOR
--------------------------------------------------------

  CREATE TABLE "PF_G1"."DOCTOR" 
   (	"ID_DOCTOR" NUMBER, 
	"CEDULA_D" VARCHAR2(15 BYTE), 
	"NOMBRE_D" VARCHAR2(25 BYTE), 
	"APELLIDO_D" VARCHAR2(25 BYTE)
   ) SEGMENT CREATION IMMEDIATE 
  PCTFREE 10 PCTUSED 40 INITRANS 1 MAXTRANS 255 NOCOMPRESS LOGGING
  STORAGE(INITIAL 65536 NEXT 1048576 MINEXTENTS 1 MAXEXTENTS 2147483645
  PCTINCREASE 0 FREELISTS 1 FREELIST GROUPS 1 BUFFER_POOL DEFAULT FLASH_CACHE DEFAULT CELL_FLASH_CACHE DEFAULT)
  TABLESPACE "SYSTEM" ;
--------------------------------------------------------
--  DDL for Table DOCTOR_HOSPITAL
--------------------------------------------------------

  CREATE TABLE "PF_G1"."DOCTOR_HOSPITAL" 
   (	"ID_DOCTOR" NUMBER, 
	"COD_H" VARCHAR2(15 BYTE)
   ) SEGMENT CREATION IMMEDIATE 
  PCTFREE 10 PCTUSED 40 INITRANS 1 MAXTRANS 255 NOCOMPRESS LOGGING
  STORAGE(INITIAL 65536 NEXT 1048576 MINEXTENTS 1 MAXEXTENTS 2147483645
  PCTINCREASE 0 FREELISTS 1 FREELIST GROUPS 1 BUFFER_POOL DEFAULT FLASH_CACHE DEFAULT CELL_FLASH_CACHE DEFAULT)
  TABLESPACE "SYSTEM" ;
--------------------------------------------------------
--  DDL for Table DOMICILIO
--------------------------------------------------------

  CREATE TABLE "PF_G1"."DOMICILIO" 
   (	"NUM_DOMIC" NUMBER, 
	"DIRECCION_D" VARCHAR2(40 BYTE), 
	"NUM_PERS_VIV" NUMBER, 
	"COD_CORREG" NUMBER
   ) SEGMENT CREATION IMMEDIATE 
  PCTFREE 10 PCTUSED 40 INITRANS 1 MAXTRANS 255 NOCOMPRESS LOGGING
  STORAGE(INITIAL 65536 NEXT 1048576 MINEXTENTS 1 MAXEXTENTS 2147483645
  PCTINCREASE 0 FREELISTS 1 FREELIST GROUPS 1 BUFFER_POOL DEFAULT FLASH_CACHE DEFAULT CELL_FLASH_CACHE DEFAULT)
  TABLESPACE "SYSTEM" ;
--------------------------------------------------------
--  DDL for Table ENFERMEDADES_PREVIAS
--------------------------------------------------------

  CREATE TABLE "PF_G1"."ENFERMEDADES_PREVIAS" 
   (	"COD_ENF" VARCHAR2(15 BYTE), 
	"NOMBRE_ENF" VARCHAR2(30 BYTE)
   ) SEGMENT CREATION IMMEDIATE 
  PCTFREE 10 PCTUSED 40 INITRANS 1 MAXTRANS 255 NOCOMPRESS LOGGING
  STORAGE(INITIAL 65536 NEXT 1048576 MINEXTENTS 1 MAXEXTENTS 2147483645
  PCTINCREASE 0 FREELISTS 1 FREELIST GROUPS 1 BUFFER_POOL DEFAULT FLASH_CACHE DEFAULT CELL_FLASH_CACHE DEFAULT)
  TABLESPACE "SYSTEM" ;
--------------------------------------------------------
--  DDL for Table HOSPITAL
--------------------------------------------------------

  CREATE TABLE "PF_G1"."HOSPITAL" 
   (	"COD_H" VARCHAR2(15 BYTE), 
	"NOMBRE_H" VARCHAR2(30 BYTE), 
	"DIRECCION_H" VARCHAR2(30 BYTE)
   ) SEGMENT CREATION IMMEDIATE 
  PCTFREE 10 PCTUSED 40 INITRANS 1 MAXTRANS 255 NOCOMPRESS LOGGING
  STORAGE(INITIAL 65536 NEXT 1048576 MINEXTENTS 1 MAXEXTENTS 2147483645
  PCTINCREASE 0 FREELISTS 1 FREELIST GROUPS 1 BUFFER_POOL DEFAULT FLASH_CACHE DEFAULT CELL_FLASH_CACHE DEFAULT)
  TABLESPACE "SYSTEM" ;
--------------------------------------------------------
--  DDL for Table PERSONA
--------------------------------------------------------

  CREATE TABLE "PF_G1"."PERSONA" 
   (	"ID_PERSONA" NUMBER, 
	"CEDULA_P" VARCHAR2(20 BYTE), 
	"NOMBRE_P" VARCHAR2(20 BYTE), 
	"APELLIDO_P" VARCHAR2(20 BYTE), 
	"SEXO" CHAR(1 BYTE), 
	"FECHA_NAC" DATE, 
	"EDAD" NUMBER, 
	"NUM_DOMIC" NUMBER, 
	"COD_SALA" VARCHAR2(20 BYTE), 
	"COD_H" VARCHAR2(15 BYTE)
   ) SEGMENT CREATION IMMEDIATE 
  PCTFREE 10 PCTUSED 40 INITRANS 1 MAXTRANS 255 NOCOMPRESS LOGGING
  STORAGE(INITIAL 65536 NEXT 1048576 MINEXTENTS 1 MAXEXTENTS 2147483645
  PCTINCREASE 0 FREELISTS 1 FREELIST GROUPS 1 BUFFER_POOL DEFAULT FLASH_CACHE DEFAULT CELL_FLASH_CACHE DEFAULT)
  TABLESPACE "SYSTEM" ;
--------------------------------------------------------
--  DDL for Table PERSONA_ENFERMEDADES_PREVIAS
--------------------------------------------------------

  CREATE TABLE "PF_G1"."PERSONA_ENFERMEDADES_PREVIAS" 
   (	"COD_ENF" VARCHAR2(15 BYTE), 
	"ID_PERSONA" NUMBER, 
	"FECHA_ESTUDIO" DATE
   ) SEGMENT CREATION IMMEDIATE 
  PCTFREE 10 PCTUSED 40 INITRANS 1 MAXTRANS 255 NOCOMPRESS LOGGING
  STORAGE(INITIAL 65536 NEXT 1048576 MINEXTENTS 1 MAXEXTENTS 2147483645
  PCTINCREASE 0 FREELISTS 1 FREELIST GROUPS 1 BUFFER_POOL DEFAULT FLASH_CACHE DEFAULT CELL_FLASH_CACHE DEFAULT)
  TABLESPACE "SYSTEM" ;
--------------------------------------------------------
--  DDL for Table PERSONA_PRUEBA
--------------------------------------------------------

  CREATE TABLE "PF_G1"."PERSONA_PRUEBA" 
   (	"ID_PERSONA" NUMBER, 
	"COD_PRUEBA" VARCHAR2(15 BYTE), 
	"FEC_D" DATE
   ) SEGMENT CREATION IMMEDIATE 
  PCTFREE 10 PCTUSED 40 INITRANS 1 MAXTRANS 255 NOCOMPRESS LOGGING
  STORAGE(INITIAL 65536 NEXT 1048576 MINEXTENTS 1 MAXEXTENTS 2147483645
  PCTINCREASE 0 FREELISTS 1 FREELIST GROUPS 1 BUFFER_POOL DEFAULT FLASH_CACHE DEFAULT CELL_FLASH_CACHE DEFAULT)
  TABLESPACE "SYSTEM" ;
--------------------------------------------------------
--  DDL for Table PERSONA_SINTOMA
--------------------------------------------------------

  CREATE TABLE "PF_G1"."PERSONA_SINTOMA" 
   (	"COD_SINT" VARCHAR2(15 BYTE), 
	"ID_PERSONA" NUMBER
   ) SEGMENT CREATION IMMEDIATE 
  PCTFREE 10 PCTUSED 40 INITRANS 1 MAXTRANS 255 NOCOMPRESS LOGGING
  STORAGE(INITIAL 65536 NEXT 1048576 MINEXTENTS 1 MAXEXTENTS 2147483645
  PCTINCREASE 0 FREELISTS 1 FREELIST GROUPS 1 BUFFER_POOL DEFAULT FLASH_CACHE DEFAULT CELL_FLASH_CACHE DEFAULT)
  TABLESPACE "SYSTEM" ;
--------------------------------------------------------
--  DDL for Table PER_STAT
--------------------------------------------------------

  CREATE TABLE "PF_G1"."PER_STAT" 
   (	"NUMSTAD" NUMBER, 
	"ID_PERSONA" NUMBER, 
	"CEDULA" VARCHAR2(20 BYTE), 
	"NOMBRE" VARCHAR2(20 BYTE), 
	"APELLIDO" VARCHAR2(20 BYTE), 
	"EDAD" NUMBER, 
	"ESTADO" VARCHAR2(35 BYTE)
   ) SEGMENT CREATION IMMEDIATE 
  PCTFREE 10 PCTUSED 40 INITRANS 1 MAXTRANS 255 NOCOMPRESS LOGGING
  STORAGE(INITIAL 65536 NEXT 1048576 MINEXTENTS 1 MAXEXTENTS 2147483645
  PCTINCREASE 0 FREELISTS 1 FREELIST GROUPS 1 BUFFER_POOL DEFAULT FLASH_CACHE DEFAULT CELL_FLASH_CACHE DEFAULT)
  TABLESPACE "SYSTEM" ;
--------------------------------------------------------
--  DDL for Table PROVINCIA
--------------------------------------------------------

  CREATE TABLE "PF_G1"."PROVINCIA" 
   (	"COD_PROV" NUMBER, 
	"NOMBRE_PROV" VARCHAR2(20 BYTE)
   ) SEGMENT CREATION IMMEDIATE 
  PCTFREE 10 PCTUSED 40 INITRANS 1 MAXTRANS 255 NOCOMPRESS LOGGING
  STORAGE(INITIAL 65536 NEXT 1048576 MINEXTENTS 1 MAXEXTENTS 2147483645
  PCTINCREASE 0 FREELISTS 1 FREELIST GROUPS 1 BUFFER_POOL DEFAULT FLASH_CACHE DEFAULT CELL_FLASH_CACHE DEFAULT)
  TABLESPACE "SYSTEM" ;
--------------------------------------------------------
--  DDL for Table PRUEBA
--------------------------------------------------------

  CREATE TABLE "PF_G1"."PRUEBA" 
   (	"COD_PRUEBA" VARCHAR2(15 BYTE), 
	"TIPO_PRUEBA" VARCHAR2(25 BYTE)
   ) SEGMENT CREATION IMMEDIATE 
  PCTFREE 10 PCTUSED 40 INITRANS 1 MAXTRANS 255 NOCOMPRESS LOGGING
  STORAGE(INITIAL 65536 NEXT 1048576 MINEXTENTS 1 MAXEXTENTS 2147483645
  PCTINCREASE 0 FREELISTS 1 FREELIST GROUPS 1 BUFFER_POOL DEFAULT FLASH_CACHE DEFAULT CELL_FLASH_CACHE DEFAULT)
  TABLESPACE "SYSTEM" ;
--------------------------------------------------------
--  DDL for Table SALA
--------------------------------------------------------

  CREATE TABLE "PF_G1"."SALA" 
   (	"COD_SALA" VARCHAR2(20 BYTE), 
	"COD_H" VARCHAR2(15 BYTE), 
	"PISO" NUMBER, 
	"NUM_CAMAS" NUMBER
   ) SEGMENT CREATION IMMEDIATE 
  PCTFREE 10 PCTUSED 40 INITRANS 1 MAXTRANS 255 NOCOMPRESS LOGGING
  STORAGE(INITIAL 65536 NEXT 1048576 MINEXTENTS 1 MAXEXTENTS 2147483645
  PCTINCREASE 0 FREELISTS 1 FREELIST GROUPS 1 BUFFER_POOL DEFAULT FLASH_CACHE DEFAULT CELL_FLASH_CACHE DEFAULT)
  TABLESPACE "SYSTEM" ;
--------------------------------------------------------
--  DDL for Table SINTOMAS
--------------------------------------------------------

  CREATE TABLE "PF_G1"."SINTOMAS" 
   (	"COD_SINT" VARCHAR2(15 BYTE), 
	"NOMBRE_SINT" VARCHAR2(30 BYTE)
   ) SEGMENT CREATION IMMEDIATE 
  PCTFREE 10 PCTUSED 40 INITRANS 1 MAXTRANS 255 NOCOMPRESS LOGGING
  STORAGE(INITIAL 65536 NEXT 1048576 MINEXTENTS 1 MAXEXTENTS 2147483645
  PCTINCREASE 0 FREELISTS 1 FREELIST GROUPS 1 BUFFER_POOL DEFAULT FLASH_CACHE DEFAULT CELL_FLASH_CACHE DEFAULT)
  TABLESPACE "SYSTEM" ;
--------------------------------------------------------
--  DDL for Table STATISTIC
--------------------------------------------------------

  CREATE TABLE "PF_G1"."STATISTIC" 
   (	"HOMBRE" NUMBER, 
	"MUJER" NUMBER, 
	"EDADA" NUMBER, 
	"EDADB" NUMBER, 
	"EDADC" NUMBER
   ) SEGMENT CREATION IMMEDIATE 
  PCTFREE 10 PCTUSED 40 INITRANS 1 MAXTRANS 255 NOCOMPRESS LOGGING
  STORAGE(INITIAL 65536 NEXT 1048576 MINEXTENTS 1 MAXEXTENTS 2147483645
  PCTINCREASE 0 FREELISTS 1 FREELIST GROUPS 1 BUFFER_POOL DEFAULT FLASH_CACHE DEFAULT CELL_FLASH_CACHE DEFAULT)
  TABLESPACE "SYSTEM" ;
--------------------------------------------------------
--  DDL for Table TELEFONO_H
--------------------------------------------------------

  CREATE TABLE "PF_G1"."TELEFONO_H" 
   (	"COD_H" VARCHAR2(15 BYTE), 
	"NUM_TEL_H" VARCHAR2(20 BYTE)
   ) SEGMENT CREATION IMMEDIATE 
  PCTFREE 10 PCTUSED 40 INITRANS 1 MAXTRANS 255 NOCOMPRESS LOGGING
  STORAGE(INITIAL 65536 NEXT 1048576 MINEXTENTS 1 MAXEXTENTS 2147483645
  PCTINCREASE 0 FREELISTS 1 FREELIST GROUPS 1 BUFFER_POOL DEFAULT FLASH_CACHE DEFAULT CELL_FLASH_CACHE DEFAULT)
  TABLESPACE "SYSTEM" ;
--------------------------------------------------------
--  DDL for Table TELEFONO_P
--------------------------------------------------------

  CREATE TABLE "PF_G1"."TELEFONO_P" 
   (	"ID_TELEFONO_P" NUMBER, 
	"ID_PERSONA" NUMBER, 
	"NUM_TEL_P" VARCHAR2(25 BYTE)
   ) SEGMENT CREATION IMMEDIATE 
  PCTFREE 10 PCTUSED 40 INITRANS 1 MAXTRANS 255 NOCOMPRESS LOGGING
  STORAGE(INITIAL 65536 NEXT 1048576 MINEXTENTS 1 MAXEXTENTS 2147483645
  PCTINCREASE 0 FREELISTS 1 FREELIST GROUPS 1 BUFFER_POOL DEFAULT FLASH_CACHE DEFAULT CELL_FLASH_CACHE DEFAULT)
  TABLESPACE "SYSTEM" ;
--------------------------------------------------------
--  DDL for Table TIPO_TELEFONO_P
--------------------------------------------------------

  CREATE TABLE "PF_G1"."TIPO_TELEFONO_P" 
   (	"ID_TELEFONO_P" NUMBER, 
	"TIPO_TELEFONO_P" VARCHAR2(20 BYTE)
   ) SEGMENT CREATION IMMEDIATE 
  PCTFREE 10 PCTUSED 40 INITRANS 1 MAXTRANS 255 NOCOMPRESS LOGGING
  STORAGE(INITIAL 65536 NEXT 1048576 MINEXTENTS 1 MAXEXTENTS 2147483645
  PCTINCREASE 0 FREELISTS 1 FREELIST GROUPS 1 BUFFER_POOL DEFAULT FLASH_CACHE DEFAULT CELL_FLASH_CACHE DEFAULT)
  TABLESPACE "SYSTEM" ;
--------------------------------------------------------
--  DDL for View PER_DOM
--------------------------------------------------------

  CREATE OR REPLACE FORCE VIEW "PF_G1"."PER_DOM" ("CEDULA_P", "APELLIDO_P", "NOMBRE_P", "NUM_DOMIC") AS 
  select distinct Cedula_p, apellido_p, nombre_p, Num_domic
from Persona
order by apellido_p
;
--------------------------------------------------------
--  DDL for View PROV_DOM
--------------------------------------------------------

  CREATE OR REPLACE FORCE VIEW "PF_G1"."PROV_DOM" ("NUM_DOMIC", "NOMBRE_CORREG", "NOMBRE_PROV", "COD_PROV") AS 
  select d.num_domic, c.nombre_correg, p.nombre_prov,p.Cod_prov
from Domicilio d join Corregimiento c
on d.Cod_correg=c.Cod_correg join Distrito dis
on dis.Cod_dist=c.Cod_dist join Provincia p
on p.Cod_prov=dis.Cod_prov
;
--------------------------------------------------------
--  DDL for View PROV_PER
--------------------------------------------------------

  CREATE OR REPLACE FORCE VIEW "PF_G1"."PROV_PER" ("APELLIDO_P", "NOMBRE_P", "NOMBRE_PROV") AS 
  select per.apellido_p, nombre_p, pro.nombre_prov
from Provincia pro join Distrito dis
on pro.Cod_prov = dis.Cod_prov join Corregimiento cor
on dis.Cod_dist = cor.Cod_dist join Domicilio dom
on cor.Cod_correg = dom.Cod_correg join Persona per
on per.Num_domic = dom.Num_domic
where pro.Cod_prov between 1 and 5
;
--------------------------------------------------------
--  DDL for View PROV_PER_DOM
--------------------------------------------------------

  CREATE OR REPLACE FORCE VIEW "PF_G1"."PROV_PER_DOM" ("APELLIDO_P", "NOMBRE_P") AS 
  select per.apellido_p, nombre_p
from Provincia pro join Distrito dis
on pro.Cod_prov = dis.Cod_prov join Corregimiento cor
on dis.Cod_dist = cor.Cod_dist join Domicilio dom
on cor.Cod_correg = dom.Cod_correg join Persona per
on per.Num_domic = dom.Num_domic join Persona_Sintoma pers
on per.id_persona = pers.id_persona join Persona_Enfermedades_Previas peref
on pers.id_persona = peref.id_persona
where pro.Cod_prov = 8 and pers.Cod_sint not in ('F', 'TS') or peref.Cod_enf = 'DIA'
;
--------------------------------------------------------
--  DDL for View SIN
--------------------------------------------------------

  CREATE OR REPLACE FORCE VIEW "PF_G1"."SIN" ("APELLIDO_P", "NOMBRE_P", "NOMBRE_SINT", "CEDULA_P") AS 
  select per.apellido_p, nombre_p as, sim.nombre_sint, per.Cedula_p
from Sintomas sim join Persona_Sintoma persim
on sim.Cod_sint = persim.Cod_sint join Persona per
on per.id_persona = persim.id_persona
where sim.nombre_sint in ('Fiebre')
;
REM INSERTING into PF_G1.CONTROL_INFECT
SET DEFINE OFF;
Insert into PF_G1.CONTROL_INFECT (N_INF,ID_PERS,CEDULA_P,NOMBRE_P,APELLIDO_P,EDAD,FEC_D,USUARIO) values (1,1,'8-956-231','Lisa','Cort‚s',37,to_date('30/11/20','DD/MM/RR'),'PF_G1');
Insert into PF_G1.CONTROL_INFECT (N_INF,ID_PERS,CEDULA_P,NOMBRE_P,APELLIDO_P,EDAD,FEC_D,USUARIO) values (2,2,'1-356-751','Melisa','Castillo',53,to_date('30/11/20','DD/MM/RR'),'PF_G1');
Insert into PF_G1.CONTROL_INFECT (N_INF,ID_PERS,CEDULA_P,NOMBRE_P,APELLIDO_P,EDAD,FEC_D,USUARIO) values (3,3,'2-437-769','Hector','Gonz lez',27,to_date('30/11/20','DD/MM/RR'),'PF_G1');
Insert into PF_G1.CONTROL_INFECT (N_INF,ID_PERS,CEDULA_P,NOMBRE_P,APELLIDO_P,EDAD,FEC_D,USUARIO) values (4,4,'3-379-451','Jos‚','Magdaleno',23,to_date('30/11/20','DD/MM/RR'),'PF_G1');
Insert into PF_G1.CONTROL_INFECT (N_INF,ID_PERS,CEDULA_P,NOMBRE_P,APELLIDO_P,EDAD,FEC_D,USUARIO) values (5,5,'4-587-998','Victoria','P‚rez',67,to_date('30/11/20','DD/MM/RR'),'PF_G1');
Insert into PF_G1.CONTROL_INFECT (N_INF,ID_PERS,CEDULA_P,NOMBRE_P,APELLIDO_P,EDAD,FEC_D,USUARIO) values (6,6,'5-187-7348','Ana','Ortiz',47,to_date('30/11/20','DD/MM/RR'),'PF_G1');
Insert into PF_G1.CONTROL_INFECT (N_INF,ID_PERS,CEDULA_P,NOMBRE_P,APELLIDO_P,EDAD,FEC_D,USUARIO) values (7,7,'6-130-643','Rodrigo','Rodr¡guez',56,to_date('30/11/20','DD/MM/RR'),'PF_G1');
Insert into PF_G1.CONTROL_INFECT (N_INF,ID_PERS,CEDULA_P,NOMBRE_P,APELLIDO_P,EDAD,FEC_D,USUARIO) values (8,8,'7-457-32','Mart¡n','M rquez',50,to_date('30/11/20','DD/MM/RR'),'PF_G1');
Insert into PF_G1.CONTROL_INFECT (N_INF,ID_PERS,CEDULA_P,NOMBRE_P,APELLIDO_P,EDAD,FEC_D,USUARIO) values (9,9,'8-587-949','Marquela','Pinz¢n',29,to_date('30/11/20','DD/MM/RR'),'PF_G1');
Insert into PF_G1.CONTROL_INFECT (N_INF,ID_PERS,CEDULA_P,NOMBRE_P,APELLIDO_P,EDAD,FEC_D,USUARIO) values (10,10,'9-516-420','Paola','Jones',21,to_date('30/11/20','DD/MM/RR'),'PF_G1');
Insert into PF_G1.CONTROL_INFECT (N_INF,ID_PERS,CEDULA_P,NOMBRE_P,APELLIDO_P,EDAD,FEC_D,USUARIO) values (11,11,'8-950-949','Victor','Jimenez',25,to_date('30/11/20','DD/MM/RR'),'PF_G1');
Insert into PF_G1.CONTROL_INFECT (N_INF,ID_PERS,CEDULA_P,NOMBRE_P,APELLIDO_P,EDAD,FEC_D,USUARIO) values (12,12,'8-886-720','Rom n','Polanco',45,to_date('30/11/20','DD/MM/RR'),'PF_G1');
Insert into PF_G1.CONTROL_INFECT (N_INF,ID_PERS,CEDULA_P,NOMBRE_P,APELLIDO_P,EDAD,FEC_D,USUARIO) values (13,13,'8-936-600','Sof¡a','Moreno',60,to_date('30/11/20','DD/MM/RR'),'PF_G1');
Insert into PF_G1.CONTROL_INFECT (N_INF,ID_PERS,CEDULA_P,NOMBRE_P,APELLIDO_P,EDAD,FEC_D,USUARIO) values (14,14,'3-714-830','Alice','Rojas',22,to_date('30/11/20','DD/MM/RR'),'PF_G1');
Insert into PF_G1.CONTROL_INFECT (N_INF,ID_PERS,CEDULA_P,NOMBRE_P,APELLIDO_P,EDAD,FEC_D,USUARIO) values (15,15,'12-450-92','Victoriano','Montezuma',36,to_date('30/11/20','DD/MM/RR'),'PF_G1');
Insert into PF_G1.CONTROL_INFECT (N_INF,ID_PERS,CEDULA_P,NOMBRE_P,APELLIDO_P,EDAD,FEC_D,USUARIO) values (16,16,'1-438-360','Casimiro','Bermudez',30,to_date('30/11/20','DD/MM/RR'),'PF_G1');
Insert into PF_G1.CONTROL_INFECT (N_INF,ID_PERS,CEDULA_P,NOMBRE_P,APELLIDO_P,EDAD,FEC_D,USUARIO) values (17,17,'2-571-457','Carmen','Alvarado',42,to_date('30/11/20','DD/MM/RR'),'PF_G1');
Insert into PF_G1.CONTROL_INFECT (N_INF,ID_PERS,CEDULA_P,NOMBRE_P,APELLIDO_P,EDAD,FEC_D,USUARIO) values (18,18,'4-614-730','Kathy','Arosemena',33,to_date('30/11/20','DD/MM/RR'),'PF_G1');
Insert into PF_G1.CONTROL_INFECT (N_INF,ID_PERS,CEDULA_P,NOMBRE_P,APELLIDO_P,EDAD,FEC_D,USUARIO) values (19,19,'5-411-250','Daniela','L¢pez',28,to_date('30/11/20','DD/MM/RR'),'PF_G1');
Insert into PF_G1.CONTROL_INFECT (N_INF,ID_PERS,CEDULA_P,NOMBRE_P,APELLIDO_P,EDAD,FEC_D,USUARIO) values (20,20,'6-248-581','Jonathan','De La Flor',24,to_date('30/11/20','DD/MM/RR'),'PF_G1');
REM INSERTING into PF_G1.CONTROL_STAT
SET DEFINE OFF;
Insert into PF_G1.CONTROL_STAT (MUJER,HOMBRE,EDADA,EDADB,EDADC,FECHA,USUARIO) values (55,45,10,50,40,to_date('30/11/20','DD/MM/RR'),'PF_G1');
REM INSERTING into PF_G1.CORREGIMIENTO
SET DEFINE OFF;
Insert into PF_G1.CORREGIMIENTO (COD_CORREG,NOMBRE_CORREG,COD_DIST) values (10101,'Barrio Franc‚s',101);
Insert into PF_G1.CORREGIMIENTO (COD_CORREG,NOMBRE_CORREG,COD_DIST) values (10201,'Bastimentos',102);
Insert into PF_G1.CORREGIMIENTO (COD_CORREG,NOMBRE_CORREG,COD_DIST) values (10301,'El Silencio',103);
Insert into PF_G1.CORREGIMIENTO (COD_CORREG,NOMBRE_CORREG,COD_DIST) values (20101,'R¡o Grande',201);
Insert into PF_G1.CORREGIMIENTO (COD_CORREG,NOMBRE_CORREG,COD_DIST) values (20201,'Pocr¡',202);
Insert into PF_G1.CORREGIMIENTO (COD_CORREG,NOMBRE_CORREG,COD_DIST) values (20301,'El Valle',203);
Insert into PF_G1.CORREGIMIENTO (COD_CORREG,NOMBRE_CORREG,COD_DIST) values (30101,'Crist¢bal',301);
Insert into PF_G1.CORREGIMIENTO (COD_CORREG,NOMBRE_CORREG,COD_DIST) values (30201,'Pi¤a',302);
Insert into PF_G1.CORREGIMIENTO (COD_CORREG,NOMBRE_CORREG,COD_DIST) values (30301,'Cacique',303);
Insert into PF_G1.CORREGIMIENTO (COD_CORREG,NOMBRE_CORREG,COD_DIST) values (40101,'San Carlos',401);
Insert into PF_G1.CORREGIMIENTO (COD_CORREG,NOMBRE_CORREG,COD_DIST) values (40201,'Las Lajas',402);
Insert into PF_G1.CORREGIMIENTO (COD_CORREG,NOMBRE_CORREG,COD_DIST) values (40301,'Puerto Armuelles',403);
Insert into PF_G1.CORREGIMIENTO (COD_CORREG,NOMBRE_CORREG,COD_DIST) values (50101,'La Palma',501);
Insert into PF_G1.CORREGIMIENTO (COD_CORREG,NOMBRE_CORREG,COD_DIST) values (50201,'Yaviza',502);
Insert into PF_G1.CORREGIMIENTO (COD_CORREG,NOMBRE_CORREG,COD_DIST) values (50301,'Agua Fr¡a',503);
Insert into PF_G1.CORREGIMIENTO (COD_CORREG,NOMBRE_CORREG,COD_DIST) values (60101,'Monagrillo',601);
Insert into PF_G1.CORREGIMIENTO (COD_CORREG,NOMBRE_CORREG,COD_DIST) values (60201,'Llano Grande',602);
Insert into PF_G1.CORREGIMIENTO (COD_CORREG,NOMBRE_CORREG,COD_DIST) values (60301,'Chumical',603);
Insert into PF_G1.CORREGIMIENTO (COD_CORREG,NOMBRE_CORREG,COD_DIST) values (70101,'Valle Rico',701);
Insert into PF_G1.CORREGIMIENTO (COD_CORREG,NOMBRE_CORREG,COD_DIST) values (70201,'Cambutal',702);
Insert into PF_G1.CORREGIMIENTO (COD_CORREG,NOMBRE_CORREG,COD_DIST) values (70301,'Llano Abajo',703);
Insert into PF_G1.CORREGIMIENTO (COD_CORREG,NOMBRE_CORREG,COD_DIST) values (80101,'Omar Torrijos',801);
Insert into PF_G1.CORREGIMIENTO (COD_CORREG,NOMBRE_CORREG,COD_DIST) values (80201,'Don Bosco',802);
Insert into PF_G1.CORREGIMIENTO (COD_CORREG,NOMBRE_CORREG,COD_DIST) values (80301,'San Miguel',803);
Insert into PF_G1.CORREGIMIENTO (COD_CORREG,NOMBRE_CORREG,COD_DIST) values (90101,'Urrac ',901);
Insert into PF_G1.CORREGIMIENTO (COD_CORREG,NOMBRE_CORREG,COD_DIST) values (90201,'San Antonio',902);
Insert into PF_G1.CORREGIMIENTO (COD_CORREG,NOMBRE_CORREG,COD_DIST) values (90301,'La Yeguada',903);
Insert into PF_G1.CORREGIMIENTO (COD_CORREG,NOMBRE_CORREG,COD_DIST) values (110101,'Lajas Blancas',1101);
Insert into PF_G1.CORREGIMIENTO (COD_CORREG,NOMBRE_CORREG,COD_DIST) values (110201,'R¡o Sabalo',1102);
Insert into PF_G1.CORREGIMIENTO (COD_CORREG,NOMBRE_CORREG,COD_DIST) values (120101,'Cerro Banco',1201);
Insert into PF_G1.CORREGIMIENTO (COD_CORREG,NOMBRE_CORREG,COD_DIST) values (120201,'Man Creek',1202);
Insert into PF_G1.CORREGIMIENTO (COD_CORREG,NOMBRE_CORREG,COD_DIST) values (120301,'Piedra Roja',1203);
Insert into PF_G1.CORREGIMIENTO (COD_CORREG,NOMBRE_CORREG,COD_DIST) values (130101,'Vista Alegre',1301);
Insert into PF_G1.CORREGIMIENTO (COD_CORREG,NOMBRE_CORREG,COD_DIST) values (130201,'El Coco',1302);
Insert into PF_G1.CORREGIMIENTO (COD_CORREG,NOMBRE_CORREG,COD_DIST) values (130301,'Las Uvas',1303);
REM INSERTING into PF_G1.DISTRITO
SET DEFINE OFF;
Insert into PF_G1.DISTRITO (COD_DIST,NOMBRE_DIST,COD_PROV) values (101,'Almirante',1);
Insert into PF_G1.DISTRITO (COD_DIST,NOMBRE_DIST,COD_PROV) values (102,'Bocas del Toro',1);
Insert into PF_G1.DISTRITO (COD_DIST,NOMBRE_DIST,COD_PROV) values (103,'Changuinola',1);
Insert into PF_G1.DISTRITO (COD_DIST,NOMBRE_DIST,COD_PROV) values (201,'Penonom‚',2);
Insert into PF_G1.DISTRITO (COD_DIST,NOMBRE_DIST,COD_PROV) values (202,'Aguadulce',2);
Insert into PF_G1.DISTRITO (COD_DIST,NOMBRE_DIST,COD_PROV) values (203,'Ant¢n',2);
Insert into PF_G1.DISTRITO (COD_DIST,NOMBRE_DIST,COD_PROV) values (301,'Col¢n',3);
Insert into PF_G1.DISTRITO (COD_DIST,NOMBRE_DIST,COD_PROV) values (302,'Chagres',3);
Insert into PF_G1.DISTRITO (COD_DIST,NOMBRE_DIST,COD_PROV) values (303,'Portobelo',3);
Insert into PF_G1.DISTRITO (COD_DIST,NOMBRE_DIST,COD_PROV) values (401,'David',4);
Insert into PF_G1.DISTRITO (COD_DIST,NOMBRE_DIST,COD_PROV) values (402,'San F‚lix',4);
Insert into PF_G1.DISTRITO (COD_DIST,NOMBRE_DIST,COD_PROV) values (403,'Bar£',4);
Insert into PF_G1.DISTRITO (COD_DIST,NOMBRE_DIST,COD_PROV) values (501,'Chepigana',5);
Insert into PF_G1.DISTRITO (COD_DIST,NOMBRE_DIST,COD_PROV) values (502,'Pinogana',5);
Insert into PF_G1.DISTRITO (COD_DIST,NOMBRE_DIST,COD_PROV) values (503,'Santa Fe',5);
Insert into PF_G1.DISTRITO (COD_DIST,NOMBRE_DIST,COD_PROV) values (601,'Chitr‚',6);
Insert into PF_G1.DISTRITO (COD_DIST,NOMBRE_DIST,COD_PROV) values (602,'Oc£',6);
Insert into PF_G1.DISTRITO (COD_DIST,NOMBRE_DIST,COD_PROV) values (603,'Las Minas',6);
Insert into PF_G1.DISTRITO (COD_DIST,NOMBRE_DIST,COD_PROV) values (701,'Las Tablas',7);
Insert into PF_G1.DISTRITO (COD_DIST,NOMBRE_DIST,COD_PROV) values (702,'Tonos¡',7);
Insert into PF_G1.DISTRITO (COD_DIST,NOMBRE_DIST,COD_PROV) values (703,'Guarar‚',7);
Insert into PF_G1.DISTRITO (COD_DIST,NOMBRE_DIST,COD_PROV) values (801,'San Miguelito',8);
Insert into PF_G1.DISTRITO (COD_DIST,NOMBRE_DIST,COD_PROV) values (802,'Panam ',8);
Insert into PF_G1.DISTRITO (COD_DIST,NOMBRE_DIST,COD_PROV) values (803,'Balboa',8);
Insert into PF_G1.DISTRITO (COD_DIST,NOMBRE_DIST,COD_PROV) values (901,'Santiago',9);
Insert into PF_G1.DISTRITO (COD_DIST,NOMBRE_DIST,COD_PROV) values (902,'Atalaya',9);
Insert into PF_G1.DISTRITO (COD_DIST,NOMBRE_DIST,COD_PROV) values (903,'Calobre',9);
Insert into PF_G1.DISTRITO (COD_DIST,NOMBRE_DIST,COD_PROV) values (1101,'C‚maco',11);
Insert into PF_G1.DISTRITO (COD_DIST,NOMBRE_DIST,COD_PROV) values (1102,'Samb£',11);
Insert into PF_G1.DISTRITO (COD_DIST,NOMBRE_DIST,COD_PROV) values (1201,'Besik¢',12);
Insert into PF_G1.DISTRITO (COD_DIST,NOMBRE_DIST,COD_PROV) values (1202,'Jirondai',12);
Insert into PF_G1.DISTRITO (COD_DIST,NOMBRE_DIST,COD_PROV) values (1203,'Kankint£',12);
Insert into PF_G1.DISTRITO (COD_DIST,NOMBRE_DIST,COD_PROV) values (1301,'Arraij n',13);
Insert into PF_G1.DISTRITO (COD_DIST,NOMBRE_DIST,COD_PROV) values (1302,'La Chorrera',13);
Insert into PF_G1.DISTRITO (COD_DIST,NOMBRE_DIST,COD_PROV) values (1303,'San Carlos',13);
REM INSERTING into PF_G1.DOCTOR
SET DEFINE OFF;
Insert into PF_G1.DOCTOR (ID_DOCTOR,CEDULA_D,NOMBRE_D,APELLIDO_D) values (1,'8-365-873','Tatiana','Ojo');
Insert into PF_G1.DOCTOR (ID_DOCTOR,CEDULA_D,NOMBRE_D,APELLIDO_D) values (2,'7-546-654','Vivian','Aguilar');
Insert into PF_G1.DOCTOR (ID_DOCTOR,CEDULA_D,NOMBRE_D,APELLIDO_D) values (3,'8-234-432','Denisse','Thorne');
Insert into PF_G1.DOCTOR (ID_DOCTOR,CEDULA_D,NOMBRE_D,APELLIDO_D) values (4,'8-465-543','Reynaldo','Castillero');
Insert into PF_G1.DOCTOR (ID_DOCTOR,CEDULA_D,NOMBRE_D,APELLIDO_D) values (5,'3-65-673','Giselle','Balmaceda');
Insert into PF_G1.DOCTOR (ID_DOCTOR,CEDULA_D,NOMBRE_D,APELLIDO_D) values (6,'4-100-657','Mois‚s','De Sedas');
Insert into PF_G1.DOCTOR (ID_DOCTOR,CEDULA_D,NOMBRE_D,APELLIDO_D) values (7,'1-432-532','Jeannette','Johnson');
Insert into PF_G1.DOCTOR (ID_DOCTOR,CEDULA_D,NOMBRE_D,APELLIDO_D) values (8,'2-348-43','Tommy','Liao');
Insert into PF_G1.DOCTOR (ID_DOCTOR,CEDULA_D,NOMBRE_D,APELLIDO_D) values (9,'9-543-67','Andr‚s','Soto');
Insert into PF_G1.DOCTOR (ID_DOCTOR,CEDULA_D,NOMBRE_D,APELLIDO_D) values (10,'6-234-6754','Jos‚','Lorenzo');
Insert into PF_G1.DOCTOR (ID_DOCTOR,CEDULA_D,NOMBRE_D,APELLIDO_D) values (11,'5-123-890','Gustavo','Santamar¡a');
Insert into PF_G1.DOCTOR (ID_DOCTOR,CEDULA_D,NOMBRE_D,APELLIDO_D) values (12,'3-234-567','Sunshine','Del Cid');
Insert into PF_G1.DOCTOR (ID_DOCTOR,CEDULA_D,NOMBRE_D,APELLIDO_D) values (13,'9-321-789','Ra£l','Mendoza');
Insert into PF_G1.DOCTOR (ID_DOCTOR,CEDULA_D,NOMBRE_D,APELLIDO_D) values (14,'8-332-654','Italys','Ledezma');
Insert into PF_G1.DOCTOR (ID_DOCTOR,CEDULA_D,NOMBRE_D,APELLIDO_D) values (15,'7-654-2134','Daniel','Ara£z');
REM INSERTING into PF_G1.DOCTOR_HOSPITAL
SET DEFINE OFF;
Insert into PF_G1.DOCTOR_HOSPITAL (ID_DOCTOR,COD_H) values (1,'3-H1');
Insert into PF_G1.DOCTOR_HOSPITAL (ID_DOCTOR,COD_H) values (2,'3-H2');
Insert into PF_G1.DOCTOR_HOSPITAL (ID_DOCTOR,COD_H) values (3,'7-H1');
Insert into PF_G1.DOCTOR_HOSPITAL (ID_DOCTOR,COD_H) values (4,'9-H1');
Insert into PF_G1.DOCTOR_HOSPITAL (ID_DOCTOR,COD_H) values (6,'12-H1');
Insert into PF_G1.DOCTOR_HOSPITAL (ID_DOCTOR,COD_H) values (7,'1-H1');
Insert into PF_G1.DOCTOR_HOSPITAL (ID_DOCTOR,COD_H) values (8,'1-H2');
Insert into PF_G1.DOCTOR_HOSPITAL (ID_DOCTOR,COD_H) values (9,'6-H1');
Insert into PF_G1.DOCTOR_HOSPITAL (ID_DOCTOR,COD_H) values (10,'4-H1');
Insert into PF_G1.DOCTOR_HOSPITAL (ID_DOCTOR,COD_H) values (11,'4-H2');
Insert into PF_G1.DOCTOR_HOSPITAL (ID_DOCTOR,COD_H) values (12,'8-H1');
Insert into PF_G1.DOCTOR_HOSPITAL (ID_DOCTOR,COD_H) values (13,'8-H2');
Insert into PF_G1.DOCTOR_HOSPITAL (ID_DOCTOR,COD_H) values (14,'8-H3');
Insert into PF_G1.DOCTOR_HOSPITAL (ID_DOCTOR,COD_H) values (15,'8-H4');
REM INSERTING into PF_G1.DOMICILIO
SET DEFINE OFF;
Insert into PF_G1.DOMICILIO (NUM_DOMIC,DIRECCION_D,NUM_PERS_VIV,COD_CORREG) values (1803,'Ave. Olmedo Sol‚',7,10101);
Insert into PF_G1.DOMICILIO (NUM_DOMIC,DIRECCION_D,NUM_PERS_VIV,COD_CORREG) values (1567,'Calle Sea Wall',4,10201);
Insert into PF_G1.DOMICILIO (NUM_DOMIC,DIRECCION_D,NUM_PERS_VIV,COD_CORREG) values (1726,'Sendero Caim n',9,10301);
Insert into PF_G1.DOMICILIO (NUM_DOMIC,DIRECCION_D,NUM_PERS_VIV,COD_CORREG) values (6489,'Calle Verde',3,20101);
Insert into PF_G1.DOMICILIO (NUM_DOMIC,DIRECCION_D,NUM_PERS_VIV,COD_CORREG) values (8456,'Calle Abajo',3,20201);
Insert into PF_G1.DOMICILIO (NUM_DOMIC,DIRECCION_D,NUM_PERS_VIV,COD_CORREG) values (8623,'Ave. Castor',6,20301);
Insert into PF_G1.DOMICILIO (NUM_DOMIC,DIRECCION_D,NUM_PERS_VIV,COD_CORREG) values (560,'Calle Fitzpatrick',5,30101);
Insert into PF_G1.DOMICILIO (NUM_DOMIC,DIRECCION_D,NUM_PERS_VIV,COD_CORREG) values (23,'Calle Sand¡a',3,30201);
Insert into PF_G1.DOMICILIO (NUM_DOMIC,DIRECCION_D,NUM_PERS_VIV,COD_CORREG) values (789,'Calle Indio',5,30301);
Insert into PF_G1.DOMICILIO (NUM_DOMIC,DIRECCION_D,NUM_PERS_VIV,COD_CORREG) values (85,'Calle Am‚rica',4,40101);
Insert into PF_G1.DOMICILIO (NUM_DOMIC,DIRECCION_D,NUM_PERS_VIV,COD_CORREG) values (236,'Rinc¢n Largo',7,40201);
Insert into PF_G1.DOMICILIO (NUM_DOMIC,DIRECCION_D,NUM_PERS_VIV,COD_CORREG) values (889,'Ave. Barco',2,40301);
Insert into PF_G1.DOMICILIO (NUM_DOMIC,DIRECCION_D,NUM_PERS_VIV,COD_CORREG) values (1582,'Calle Coco',4,50101);
Insert into PF_G1.DOMICILIO (NUM_DOMIC,DIRECCION_D,NUM_PERS_VIV,COD_CORREG) values (432,'Ave. Candelario',8,50201);
Insert into PF_G1.DOMICILIO (NUM_DOMIC,DIRECCION_D,NUM_PERS_VIV,COD_CORREG) values (976,'Sector Hielo',3,50301);
Insert into PF_G1.DOMICILIO (NUM_DOMIC,DIRECCION_D,NUM_PERS_VIV,COD_CORREG) values (25,'Calle Mercado',6,60101);
Insert into PF_G1.DOMICILIO (NUM_DOMIC,DIRECCION_D,NUM_PERS_VIV,COD_CORREG) values (4,'Calle Arriba',1,60201);
Insert into PF_G1.DOMICILIO (NUM_DOMIC,DIRECCION_D,NUM_PERS_VIV,COD_CORREG) values (57,'Ave. Monta¤osa',4,60301);
Insert into PF_G1.DOMICILIO (NUM_DOMIC,DIRECCION_D,NUM_PERS_VIV,COD_CORREG) values (478,'Calle Mala',9,70101);
Insert into PF_G1.DOMICILIO (NUM_DOMIC,DIRECCION_D,NUM_PERS_VIV,COD_CORREG) values (245,'Calle Dulce',3,70201);
Insert into PF_G1.DOMICILIO (NUM_DOMIC,DIRECCION_D,NUM_PERS_VIV,COD_CORREG) values (267,'Calle San Francisco',2,70301);
Insert into PF_G1.DOMICILIO (NUM_DOMIC,DIRECCION_D,NUM_PERS_VIV,COD_CORREG) values (332,'San Isidro Sector B',5,80101);
Insert into PF_G1.DOMICILIO (NUM_DOMIC,DIRECCION_D,NUM_PERS_VIV,COD_CORREG) values (442,'Calle F',3,80201);
Insert into PF_G1.DOMICILIO (NUM_DOMIC,DIRECCION_D,NUM_PERS_VIV,COD_CORREG) values (90,'Ave. Roja',5,80301);
Insert into PF_G1.DOMICILIO (NUM_DOMIC,DIRECCION_D,NUM_PERS_VIV,COD_CORREG) values (1478,'Calle Centavo',3,90101);
Insert into PF_G1.DOMICILIO (NUM_DOMIC,DIRECCION_D,NUM_PERS_VIV,COD_CORREG) values (898,'Calle Santa',2,90201);
Insert into PF_G1.DOMICILIO (NUM_DOMIC,DIRECCION_D,NUM_PERS_VIV,COD_CORREG) values (76,'Calle Y Norte',6,90301);
Insert into PF_G1.DOMICILIO (NUM_DOMIC,DIRECCION_D,NUM_PERS_VIV,COD_CORREG) values (2,'Calle Negra',5,110101);
Insert into PF_G1.DOMICILIO (NUM_DOMIC,DIRECCION_D,NUM_PERS_VIV,COD_CORREG) values (37,'Ave. S',10,110201);
Insert into PF_G1.DOMICILIO (NUM_DOMIC,DIRECCION_D,NUM_PERS_VIV,COD_CORREG) values (1009,'Ave. Dinero',12,120101);
Insert into PF_G1.DOMICILIO (NUM_DOMIC,DIRECCION_D,NUM_PERS_VIV,COD_CORREG) values (4235,'Calle Biling?e',9,120201);
Insert into PF_G1.DOMICILIO (NUM_DOMIC,DIRECCION_D,NUM_PERS_VIV,COD_CORREG) values (5344,'Calle Rub¡',3,120301);
Insert into PF_G1.DOMICILIO (NUM_DOMIC,DIRECCION_D,NUM_PERS_VIV,COD_CORREG) values (468,'Ave. Felicidad',5,130101);
Insert into PF_G1.DOMICILIO (NUM_DOMIC,DIRECCION_D,NUM_PERS_VIV,COD_CORREG) values (89,'Calle Tropical',1,130201);
Insert into PF_G1.DOMICILIO (NUM_DOMIC,DIRECCION_D,NUM_PERS_VIV,COD_CORREG) values (743,'Ave. Mora',6,130301);
REM INSERTING into PF_G1.ENFERMEDADES_PREVIAS
SET DEFINE OFF;
Insert into PF_G1.ENFERMEDADES_PREVIAS (COD_ENF,NOMBRE_ENF) values ('HIP','Hipertensi¢n');
Insert into PF_G1.ENFERMEDADES_PREVIAS (COD_ENF,NOMBRE_ENF) values ('CAN','C ncer');
Insert into PF_G1.ENFERMEDADES_PREVIAS (COD_ENF,NOMBRE_ENF) values ('DIA','Diabetes');
Insert into PF_G1.ENFERMEDADES_PREVIAS (COD_ENF,NOMBRE_ENF) values ('EPU','Enfermedades Pulmonares');
Insert into PF_G1.ENFERMEDADES_PREVIAS (COD_ENF,NOMBRE_ENF) values ('ECA','Enfermedades Cardiacas');
REM INSERTING into PF_G1.HOSPITAL
SET DEFINE OFF;
Insert into PF_G1.HOSPITAL (COD_H,NOMBRE_H,DIRECCION_H) values ('8-H1','Hospital Santo Tom s','Calle 37 Este');
Insert into PF_G1.HOSPITAL (COD_H,NOMBRE_H,DIRECCION_H) values ('8-H2','Cl¡nica Hospital San Fernando','V¡a Espa¤a');
Insert into PF_G1.HOSPITAL (COD_H,NOMBRE_H,DIRECCION_H) values ('8-H3','Hospital Santa Fe','Ave. Sim¢n Bol¡var');
Insert into PF_G1.HOSPITAL (COD_H,NOMBRE_H,DIRECCION_H) values ('8-H4','Hospital Modular','Albrook');
Insert into PF_G1.HOSPITAL (COD_H,NOMBRE_H,DIRECCION_H) values ('8-H5','Complejo Dr. Arnulfo A. Madrid','Ave. Sim¢n Bol¡var');
Insert into PF_G1.HOSPITAL (COD_H,NOMBRE_H,DIRECCION_H) values ('3-H1','Hospital Manuel A. Guerrero','Calle 11');
Insert into PF_G1.HOSPITAL (COD_H,NOMBRE_H,DIRECCION_H) values ('3-H2','Hospital Col¢n 4 Altos','4 Altos');
Insert into PF_G1.HOSPITAL (COD_H,NOMBRE_H,DIRECCION_H) values ('4-H1','Hospital Chiriqu¡','Ave. 3ra y Calle Central');
Insert into PF_G1.HOSPITAL (COD_H,NOMBRE_H,DIRECCION_H) values ('4-H2','Hospital Dr. Rafael Hern ndez','San Pablo Viejo');
Insert into PF_G1.HOSPITAL (COD_H,NOMBRE_H,DIRECCION_H) values ('13-H1','Hospital Nicol s A. Solano','La Chorrera');
Insert into PF_G1.HOSPITAL (COD_H,NOMBRE_H,DIRECCION_H) values ('13-H2','Cl¡nica Hospital Panamericano','Calle Santa Rita');
Insert into PF_G1.HOSPITAL (COD_H,NOMBRE_H,DIRECCION_H) values ('6-H1','Hospital Gustavo N. Collado','Ave. Ranaldo Camarano');
Insert into PF_G1.HOSPITAL (COD_H,NOMBRE_H,DIRECCION_H) values ('7-H1','Hospital Anita Moreno','Ave. Dr. Belisario Porras');
Insert into PF_G1.HOSPITAL (COD_H,NOMBRE_H,DIRECCION_H) values ('1-H1','Hospital Guillermo S. Borb¢n','Isla Colon');
Insert into PF_G1.HOSPITAL (COD_H,NOMBRE_H,DIRECCION_H) values ('1-H2','Isla Colon Regional Hospital','Ave. H Norte');
Insert into PF_G1.HOSPITAL (COD_H,NOMBRE_H,DIRECCION_H) values ('9-H1','Hospital Dr. Luis F brega','Santiago');
Insert into PF_G1.HOSPITAL (COD_H,NOMBRE_H,DIRECCION_H) values ('5-H1','Hospital de Metet¡','Metet¡');
Insert into PF_G1.HOSPITAL (COD_H,NOMBRE_H,DIRECCION_H) values ('2-H1','Hospital Aquilino Tejeira','Penonom‚');
Insert into PF_G1.HOSPITAL (COD_H,NOMBRE_H,DIRECCION_H) values ('2-H2','Hospital Dr. Rafael Est‚vez','Aguadulce');
Insert into PF_G1.HOSPITAL (COD_H,NOMBRE_H,DIRECCION_H) values ('12-H1','Hospital de San Pedrito','Ng”be-Bugl‚');
Insert into PF_G1.HOSPITAL (COD_H,NOMBRE_H,DIRECCION_H) values ('10-H1','Hospital Marvel Iglesia','Guna Yala');
REM INSERTING into PF_G1.PERSONA
SET DEFINE OFF;
Insert into PF_G1.PERSONA (ID_PERSONA,CEDULA_P,NOMBRE_P,APELLIDO_P,SEXO,FECHA_NAC,EDAD,NUM_DOMIC,COD_SALA,COD_H) values (1,'8-956-231','Lisa','Cort‚s','F',to_date('29/12/82','DD/MM/RR'),37,90,null,null);
Insert into PF_G1.PERSONA (ID_PERSONA,CEDULA_P,NOMBRE_P,APELLIDO_P,SEXO,FECHA_NAC,EDAD,NUM_DOMIC,COD_SALA,COD_H) values (2,'1-356-751','Melisa','Castillo','F',to_date('13/10/67','DD/MM/RR'),53,1567,'SBT-1H1','1-H1');
Insert into PF_G1.PERSONA (ID_PERSONA,CEDULA_P,NOMBRE_P,APELLIDO_P,SEXO,FECHA_NAC,EDAD,NUM_DOMIC,COD_SALA,COD_H) values (3,'2-437-769','Hector','Gonz lez','M',to_date('10/01/93','DD/MM/RR'),27,6489,null,null);
Insert into PF_G1.PERSONA (ID_PERSONA,CEDULA_P,NOMBRE_P,APELLIDO_P,SEXO,FECHA_NAC,EDAD,NUM_DOMIC,COD_SALA,COD_H) values (4,'3-379-451','Jos‚','Magdaleno','M',to_date('27/05/97','DD/MM/RR'),23,560,'SCO-3H1','3-H1');
Insert into PF_G1.PERSONA (ID_PERSONA,CEDULA_P,NOMBRE_P,APELLIDO_P,SEXO,FECHA_NAC,EDAD,NUM_DOMIC,COD_SALA,COD_H) values (5,'4-587-998','Victoria','P‚rez','F',to_date('24/03/53','DD/MM/RR'),67,889,null,null);
Insert into PF_G1.PERSONA (ID_PERSONA,CEDULA_P,NOMBRE_P,APELLIDO_P,SEXO,FECHA_NAC,EDAD,NUM_DOMIC,COD_SALA,COD_H) values (6,'5-187-7348','Ana','Ortiz','F',to_date('29/12/72','DD/MM/RR'),47,976,'SDA-5H1','5-H1');
Insert into PF_G1.PERSONA (ID_PERSONA,CEDULA_P,NOMBRE_P,APELLIDO_P,SEXO,FECHA_NAC,EDAD,NUM_DOMIC,COD_SALA,COD_H) values (7,'6-130-643','Rodrigo','Rodr¡guez','M',to_date('20/10/64','DD/MM/RR'),56,57,null,null);
Insert into PF_G1.PERSONA (ID_PERSONA,CEDULA_P,NOMBRE_P,APELLIDO_P,SEXO,FECHA_NAC,EDAD,NUM_DOMIC,COD_SALA,COD_H) values (8,'7-457-32','Mart¡n','M rquez','M',to_date('12/10/70','DD/MM/RR'),50,245,'SLS-7H1','7-H1');
Insert into PF_G1.PERSONA (ID_PERSONA,CEDULA_P,NOMBRE_P,APELLIDO_P,SEXO,FECHA_NAC,EDAD,NUM_DOMIC,COD_SALA,COD_H) values (9,'8-587-949','Marquela','Pinz¢n','F',to_date('02/01/91','DD/MM/RR'),29,332,null,null);
Insert into PF_G1.PERSONA (ID_PERSONA,CEDULA_P,NOMBRE_P,APELLIDO_P,SEXO,FECHA_NAC,EDAD,NUM_DOMIC,COD_SALA,COD_H) values (10,'9-516-420','Paola','Jones','F',to_date('23/10/99','DD/MM/RR'),21,76,'SVE-9H1','9-H1');
Insert into PF_G1.PERSONA (ID_PERSONA,CEDULA_P,NOMBRE_P,APELLIDO_P,SEXO,FECHA_NAC,EDAD,NUM_DOMIC,COD_SALA,COD_H) values (11,'8-950-949','Victor','Jimenez','M',to_date('04/07/95','DD/MM/RR'),25,332,null,null);
Insert into PF_G1.PERSONA (ID_PERSONA,CEDULA_P,NOMBRE_P,APELLIDO_P,SEXO,FECHA_NAC,EDAD,NUM_DOMIC,COD_SALA,COD_H) values (12,'8-886-720','Rom n','Polanco','M',to_date('07/03/75','DD/MM/RR'),45,90,'UCISPA-8H3','8-H3');
Insert into PF_G1.PERSONA (ID_PERSONA,CEDULA_P,NOMBRE_P,APELLIDO_P,SEXO,FECHA_NAC,EDAD,NUM_DOMIC,COD_SALA,COD_H) values (13,'8-936-600','Sof¡a','Moreno','F',to_date('15/12/59','DD/MM/RR'),60,468,'SPO-13H1','13-H1');
Insert into PF_G1.PERSONA (ID_PERSONA,CEDULA_P,NOMBRE_P,APELLIDO_P,SEXO,FECHA_NAC,EDAD,NUM_DOMIC,COD_SALA,COD_H) values (14,'3-714-830','Alice','Rojas','F',to_date('06/12/97','DD/MM/RR'),22,789,'SCO-3H2','3-H2');
Insert into PF_G1.PERSONA (ID_PERSONA,CEDULA_P,NOMBRE_P,APELLIDO_P,SEXO,FECHA_NAC,EDAD,NUM_DOMIC,COD_SALA,COD_H) values (15,'12-450-92','Victoriano','Montezuma','M',to_date('13/11/84','DD/MM/RR'),36,1009,null,null);
Insert into PF_G1.PERSONA (ID_PERSONA,CEDULA_P,NOMBRE_P,APELLIDO_P,SEXO,FECHA_NAC,EDAD,NUM_DOMIC,COD_SALA,COD_H) values (16,'1-438-360','Casimiro','Bermudez','M',to_date('10/11/90','DD/MM/RR'),30,1726,'SBT-1H2','1-H2');
Insert into PF_G1.PERSONA (ID_PERSONA,CEDULA_P,NOMBRE_P,APELLIDO_P,SEXO,FECHA_NAC,EDAD,NUM_DOMIC,COD_SALA,COD_H) values (17,'2-571-457','Carmen','Alvarado','F',to_date('24/06/78','DD/MM/RR'),42,8623,'SCL-2H2','2-H2');
Insert into PF_G1.PERSONA (ID_PERSONA,CEDULA_P,NOMBRE_P,APELLIDO_P,SEXO,FECHA_NAC,EDAD,NUM_DOMIC,COD_SALA,COD_H) values (18,'4-614-730','Kathy','Arosemena','F',to_date('27/02/87','DD/MM/RR'),33,889,'SCH-4H2','4-H2');
Insert into PF_G1.PERSONA (ID_PERSONA,CEDULA_P,NOMBRE_P,APELLIDO_P,SEXO,FECHA_NAC,EDAD,NUM_DOMIC,COD_SALA,COD_H) values (19,'5-411-250','Daniela','L¢pez','F',to_date('19/05/92','DD/MM/RR'),28,432,'SDA-5H1','5-H1');
Insert into PF_G1.PERSONA (ID_PERSONA,CEDULA_P,NOMBRE_P,APELLIDO_P,SEXO,FECHA_NAC,EDAD,NUM_DOMIC,COD_SALA,COD_H) values (20,'6-248-581','Jonathan','De La Flor','M',to_date('31/08/96','DD/MM/RR'),24,25,'SHE-6H1','6-H1');
REM INSERTING into PF_G1.PERSONA_ENFERMEDADES_PREVIAS
SET DEFINE OFF;
Insert into PF_G1.PERSONA_ENFERMEDADES_PREVIAS (COD_ENF,ID_PERSONA,FECHA_ESTUDIO) values ('CAN',1,to_date('10/03/19','DD/MM/RR'));
Insert into PF_G1.PERSONA_ENFERMEDADES_PREVIAS (COD_ENF,ID_PERSONA,FECHA_ESTUDIO) values ('DIA',2,to_date('12/05/15','DD/MM/RR'));
Insert into PF_G1.PERSONA_ENFERMEDADES_PREVIAS (COD_ENF,ID_PERSONA,FECHA_ESTUDIO) values ('ECA',3,to_date('13/04/17','DD/MM/RR'));
Insert into PF_G1.PERSONA_ENFERMEDADES_PREVIAS (COD_ENF,ID_PERSONA,FECHA_ESTUDIO) values ('EPU',4,to_date('30/01/18','DD/MM/RR'));
Insert into PF_G1.PERSONA_ENFERMEDADES_PREVIAS (COD_ENF,ID_PERSONA,FECHA_ESTUDIO) values ('HIP',5,to_date('10/08/19','DD/MM/RR'));
Insert into PF_G1.PERSONA_ENFERMEDADES_PREVIAS (COD_ENF,ID_PERSONA,FECHA_ESTUDIO) values ('CAN',6,to_date('31/10/18','DD/MM/RR'));
Insert into PF_G1.PERSONA_ENFERMEDADES_PREVIAS (COD_ENF,ID_PERSONA,FECHA_ESTUDIO) values ('DIA',7,to_date('12/03/16','DD/MM/RR'));
Insert into PF_G1.PERSONA_ENFERMEDADES_PREVIAS (COD_ENF,ID_PERSONA,FECHA_ESTUDIO) values ('ECA',8,to_date('10/05/17','DD/MM/RR'));
Insert into PF_G1.PERSONA_ENFERMEDADES_PREVIAS (COD_ENF,ID_PERSONA,FECHA_ESTUDIO) values ('EPU',9,to_date('24/06/19','DD/MM/RR'));
Insert into PF_G1.PERSONA_ENFERMEDADES_PREVIAS (COD_ENF,ID_PERSONA,FECHA_ESTUDIO) values ('HIP',10,to_date('16/09/17','DD/MM/RR'));
REM INSERTING into PF_G1.PERSONA_PRUEBA
SET DEFINE OFF;
Insert into PF_G1.PERSONA_PRUEBA (ID_PERSONA,COD_PRUEBA,FEC_D) values (1,'H',to_date('23/04/20','DD/MM/RR'));
Insert into PF_G1.PERSONA_PRUEBA (ID_PERSONA,COD_PRUEBA,FEC_D) values (2,'H',to_date('30/06/20','DD/MM/RR'));
Insert into PF_G1.PERSONA_PRUEBA (ID_PERSONA,COD_PRUEBA,FEC_D) values (3,'S',to_date('12/05/20','DD/MM/RR'));
Insert into PF_G1.PERSONA_PRUEBA (ID_PERSONA,COD_PRUEBA,FEC_D) values (4,'H',to_date('07/06/20','DD/MM/RR'));
Insert into PF_G1.PERSONA_PRUEBA (ID_PERSONA,COD_PRUEBA,FEC_D) values (5,'S',to_date('13/06/20','DD/MM/RR'));
Insert into PF_G1.PERSONA_PRUEBA (ID_PERSONA,COD_PRUEBA,FEC_D) values (6,'H',to_date('10/05/20','DD/MM/RR'));
Insert into PF_G1.PERSONA_PRUEBA (ID_PERSONA,COD_PRUEBA,FEC_D) values (7,'S',to_date('08/05/20','DD/MM/RR'));
Insert into PF_G1.PERSONA_PRUEBA (ID_PERSONA,COD_PRUEBA,FEC_D) values (8,'H',to_date('30/05/20','DD/MM/RR'));
Insert into PF_G1.PERSONA_PRUEBA (ID_PERSONA,COD_PRUEBA,FEC_D) values (9,'S',to_date('12/04/20','DD/MM/RR'));
Insert into PF_G1.PERSONA_PRUEBA (ID_PERSONA,COD_PRUEBA,FEC_D) values (10,'H',to_date('25/05/20','DD/MM/RR'));
Insert into PF_G1.PERSONA_PRUEBA (ID_PERSONA,COD_PRUEBA,FEC_D) values (11,'S',to_date('09/06/20','DD/MM/RR'));
Insert into PF_G1.PERSONA_PRUEBA (ID_PERSONA,COD_PRUEBA,FEC_D) values (12,'H',to_date('04/07/20','DD/MM/RR'));
Insert into PF_G1.PERSONA_PRUEBA (ID_PERSONA,COD_PRUEBA,FEC_D) values (13,'H',to_date('23/03/20','DD/MM/RR'));
Insert into PF_G1.PERSONA_PRUEBA (ID_PERSONA,COD_PRUEBA,FEC_D) values (14,'S',to_date('18/04/20','DD/MM/RR'));
Insert into PF_G1.PERSONA_PRUEBA (ID_PERSONA,COD_PRUEBA,FEC_D) values (15,'H',to_date('29/06/20','DD/MM/RR'));
REM INSERTING into PF_G1.PERSONA_SINTOMA
SET DEFINE OFF;
Insert into PF_G1.PERSONA_SINTOMA (COD_SINT,ID_PERSONA) values ('F',1);
Insert into PF_G1.PERSONA_SINTOMA (COD_SINT,ID_PERSONA) values ('DG',1);
Insert into PF_G1.PERSONA_SINTOMA (COD_SINT,ID_PERSONA) values ('DR',2);
Insert into PF_G1.PERSONA_SINTOMA (COD_SINT,ID_PERSONA) values ('F',2);
Insert into PF_G1.PERSONA_SINTOMA (COD_SINT,ID_PERSONA) values ('TS',3);
Insert into PF_G1.PERSONA_SINTOMA (COD_SINT,ID_PERSONA) values ('DC',4);
Insert into PF_G1.PERSONA_SINTOMA (COD_SINT,ID_PERSONA) values ('F',5);
Insert into PF_G1.PERSONA_SINTOMA (COD_SINT,ID_PERSONA) values ('P',6);
Insert into PF_G1.PERSONA_SINTOMA (COD_SINT,ID_PERSONA) values ('E',7);
Insert into PF_G1.PERSONA_SINTOMA (COD_SINT,ID_PERSONA) values ('DG',7);
Insert into PF_G1.PERSONA_SINTOMA (COD_SINT,ID_PERSONA) values ('DR',8);
Insert into PF_G1.PERSONA_SINTOMA (COD_SINT,ID_PERSONA) values ('CO',9);
Insert into PF_G1.PERSONA_SINTOMA (COD_SINT,ID_PERSONA) values ('DM',10);
Insert into PF_G1.PERSONA_SINTOMA (COD_SINT,ID_PERSONA) values ('D',11);
Insert into PF_G1.PERSONA_SINTOMA (COD_SINT,ID_PERSONA) values ('C',12);
Insert into PF_G1.PERSONA_SINTOMA (COD_SINT,ID_PERSONA) values ('E',12);
Insert into PF_G1.PERSONA_SINTOMA (COD_SINT,ID_PERSONA) values ('IH',13);
Insert into PF_G1.PERSONA_SINTOMA (COD_SINT,ID_PERSONA) values ('TS',14);
Insert into PF_G1.PERSONA_SINTOMA (COD_SINT,ID_PERSONA) values ('F',15);
Insert into PF_G1.PERSONA_SINTOMA (COD_SINT,ID_PERSONA) values ('CO',15);
REM INSERTING into PF_G1.PER_STAT
SET DEFINE OFF;
Insert into PF_G1.PER_STAT (NUMSTAD,ID_PERSONA,CEDULA,NOMBRE,APELLIDO,EDAD,ESTADO) values (1,1,'8-956-231','Lisa','Cort‚s',37,'Riesgo Regular');
Insert into PF_G1.PER_STAT (NUMSTAD,ID_PERSONA,CEDULA,NOMBRE,APELLIDO,EDAD,ESTADO) values (2,2,'1-356-751','Melisa','Castillo',53,'Riesgo Regular');
Insert into PF_G1.PER_STAT (NUMSTAD,ID_PERSONA,CEDULA,NOMBRE,APELLIDO,EDAD,ESTADO) values (3,3,'2-437-769','Hector','Gonz lez',27,'Riesgo Bajo');
Insert into PF_G1.PER_STAT (NUMSTAD,ID_PERSONA,CEDULA,NOMBRE,APELLIDO,EDAD,ESTADO) values (4,4,'3-379-451','Jos‚','Magdaleno',23,'Riesgo Bajo');
Insert into PF_G1.PER_STAT (NUMSTAD,ID_PERSONA,CEDULA,NOMBRE,APELLIDO,EDAD,ESTADO) values (5,5,'4-587-998','Victoria','P‚rez',67,'Riesgo Alto');
Insert into PF_G1.PER_STAT (NUMSTAD,ID_PERSONA,CEDULA,NOMBRE,APELLIDO,EDAD,ESTADO) values (6,6,'5-187-7348','Ana','Ortiz',47,'Riesgo Regular');
Insert into PF_G1.PER_STAT (NUMSTAD,ID_PERSONA,CEDULA,NOMBRE,APELLIDO,EDAD,ESTADO) values (7,7,'6-130-643','Rodrigo','Rodr¡guez',56,'Riesgo Regular');
Insert into PF_G1.PER_STAT (NUMSTAD,ID_PERSONA,CEDULA,NOMBRE,APELLIDO,EDAD,ESTADO) values (8,8,'7-457-32','Mart¡n','M rquez',50,'Riesgo Regular');
Insert into PF_G1.PER_STAT (NUMSTAD,ID_PERSONA,CEDULA,NOMBRE,APELLIDO,EDAD,ESTADO) values (9,9,'8-587-949','Marquela','Pinz¢n',29,'Riesgo Bajo');
Insert into PF_G1.PER_STAT (NUMSTAD,ID_PERSONA,CEDULA,NOMBRE,APELLIDO,EDAD,ESTADO) values (10,10,'9-516-420','Paola','Jones',21,'Riesgo Bajo');
Insert into PF_G1.PER_STAT (NUMSTAD,ID_PERSONA,CEDULA,NOMBRE,APELLIDO,EDAD,ESTADO) values (11,11,'8-950-949','Victor','Jimenez',25,'Riesgo Bajo');
Insert into PF_G1.PER_STAT (NUMSTAD,ID_PERSONA,CEDULA,NOMBRE,APELLIDO,EDAD,ESTADO) values (12,12,'8-886-720','Rom n','Polanco',45,'Riesgo Regular');
Insert into PF_G1.PER_STAT (NUMSTAD,ID_PERSONA,CEDULA,NOMBRE,APELLIDO,EDAD,ESTADO) values (13,13,'8-936-600','Sof¡a','Moreno',60,'Riesgo Alto');
Insert into PF_G1.PER_STAT (NUMSTAD,ID_PERSONA,CEDULA,NOMBRE,APELLIDO,EDAD,ESTADO) values (14,14,'3-714-830','Alice','Rojas',22,'Riesgo Bajo');
Insert into PF_G1.PER_STAT (NUMSTAD,ID_PERSONA,CEDULA,NOMBRE,APELLIDO,EDAD,ESTADO) values (15,15,'12-450-92','Victoriano','Montezuma',36,'Riesgo Regular');
Insert into PF_G1.PER_STAT (NUMSTAD,ID_PERSONA,CEDULA,NOMBRE,APELLIDO,EDAD,ESTADO) values (16,16,'1-438-360','Casimiro','Bermudez',30,'Riesgo Regular');
Insert into PF_G1.PER_STAT (NUMSTAD,ID_PERSONA,CEDULA,NOMBRE,APELLIDO,EDAD,ESTADO) values (17,17,'2-571-457','Carmen','Alvarado',42,'Riesgo Regular');
Insert into PF_G1.PER_STAT (NUMSTAD,ID_PERSONA,CEDULA,NOMBRE,APELLIDO,EDAD,ESTADO) values (18,18,'4-614-730','Kathy','Arosemena',33,'Riesgo Regular');
Insert into PF_G1.PER_STAT (NUMSTAD,ID_PERSONA,CEDULA,NOMBRE,APELLIDO,EDAD,ESTADO) values (19,19,'5-411-250','Daniela','L¢pez',28,'Riesgo Bajo');
Insert into PF_G1.PER_STAT (NUMSTAD,ID_PERSONA,CEDULA,NOMBRE,APELLIDO,EDAD,ESTADO) values (20,20,'6-248-581','Jonathan','De La Flor',24,'Riesgo Bajo');
Insert into PF_G1.PER_STAT (NUMSTAD,ID_PERSONA,CEDULA,NOMBRE,APELLIDO,EDAD,ESTADO) values (21,20,'6-248-581','Jonathan','De La Flor',24,'Riesgo Bajo');
REM INSERTING into PF_G1.PROVINCIA
SET DEFINE OFF;
Insert into PF_G1.PROVINCIA (COD_PROV,NOMBRE_PROV) values (1,'Bocas del Toro');
Insert into PF_G1.PROVINCIA (COD_PROV,NOMBRE_PROV) values (2,'Cocl‚');
Insert into PF_G1.PROVINCIA (COD_PROV,NOMBRE_PROV) values (3,'Col¢n');
Insert into PF_G1.PROVINCIA (COD_PROV,NOMBRE_PROV) values (4,'Chiriqu¡');
Insert into PF_G1.PROVINCIA (COD_PROV,NOMBRE_PROV) values (5,'Dari‚n');
Insert into PF_G1.PROVINCIA (COD_PROV,NOMBRE_PROV) values (6,'Herrera');
Insert into PF_G1.PROVINCIA (COD_PROV,NOMBRE_PROV) values (7,'Los Santos');
Insert into PF_G1.PROVINCIA (COD_PROV,NOMBRE_PROV) values (8,'Panam ');
Insert into PF_G1.PROVINCIA (COD_PROV,NOMBRE_PROV) values (9,'Veraguas');
Insert into PF_G1.PROVINCIA (COD_PROV,NOMBRE_PROV) values (10,'Guna Yala');
Insert into PF_G1.PROVINCIA (COD_PROV,NOMBRE_PROV) values (11,'Ember  Wounaan');
Insert into PF_G1.PROVINCIA (COD_PROV,NOMBRE_PROV) values (12,'Ng„be-bugl‚');
Insert into PF_G1.PROVINCIA (COD_PROV,NOMBRE_PROV) values (13,'Panam  Oeste');
Insert into PF_G1.PROVINCIA (COD_PROV,NOMBRE_PROV) values (14,'Madugand¡');
Insert into PF_G1.PROVINCIA (COD_PROV,NOMBRE_PROV) values (15,'Wargand¡');
REM INSERTING into PF_G1.PRUEBA
SET DEFINE OFF;
Insert into PF_G1.PRUEBA (COD_PRUEBA,TIPO_PRUEBA) values ('S','Prueba Serol¢gica');
Insert into PF_G1.PRUEBA (COD_PRUEBA,TIPO_PRUEBA) values ('H','Prueba por Hisopado');
REM INSERTING into PF_G1.SALA
SET DEFINE OFF;
Insert into PF_G1.SALA (COD_SALA,COD_H,PISO,NUM_CAMAS) values ('SBT-1H1','1-H1',3,8);
Insert into PF_G1.SALA (COD_SALA,COD_H,PISO,NUM_CAMAS) values ('SBT-1H2','1-H2',2,6);
Insert into PF_G1.SALA (COD_SALA,COD_H,PISO,NUM_CAMAS) values ('SCL-2H1','2-H1',4,4);
Insert into PF_G1.SALA (COD_SALA,COD_H,PISO,NUM_CAMAS) values ('SCL-2H2','2-H2',3,4);
Insert into PF_G1.SALA (COD_SALA,COD_H,PISO,NUM_CAMAS) values ('SCO-3H1','3-H1',4,5);
Insert into PF_G1.SALA (COD_SALA,COD_H,PISO,NUM_CAMAS) values ('SCO-3H2','3-H2',3,6);
Insert into PF_G1.SALA (COD_SALA,COD_H,PISO,NUM_CAMAS) values ('SCH-4H1','4-H1',4,6);
Insert into PF_G1.SALA (COD_SALA,COD_H,PISO,NUM_CAMAS) values ('SCH-4H2','4-H2',2,4);
Insert into PF_G1.SALA (COD_SALA,COD_H,PISO,NUM_CAMAS) values ('SDA-5H1','5-H1',2,8);
Insert into PF_G1.SALA (COD_SALA,COD_H,PISO,NUM_CAMAS) values ('SHE-6H1','6-H1',7,6);
Insert into PF_G1.SALA (COD_SALA,COD_H,PISO,NUM_CAMAS) values ('SLS-7H1','7-H1',4,4);
Insert into PF_G1.SALA (COD_SALA,COD_H,PISO,NUM_CAMAS) values ('SPA-8H1','8-H1',12,6);
Insert into PF_G1.SALA (COD_SALA,COD_H,PISO,NUM_CAMAS) values ('SPA-8H2','8-H2',10,4);
Insert into PF_G1.SALA (COD_SALA,COD_H,PISO,NUM_CAMAS) values ('SPA-8H3','8-H3',11,4);
Insert into PF_G1.SALA (COD_SALA,COD_H,PISO,NUM_CAMAS) values ('SPA-8H4','8-H4',1,2);
Insert into PF_G1.SALA (COD_SALA,COD_H,PISO,NUM_CAMAS) values ('SPA-8H5','8-H5',6,6);
Insert into PF_G1.SALA (COD_SALA,COD_H,PISO,NUM_CAMAS) values ('SVE-9H1','9-H1',4,6);
Insert into PF_G1.SALA (COD_SALA,COD_H,PISO,NUM_CAMAS) values ('SPO-13H1','13-H1',4,6);
Insert into PF_G1.SALA (COD_SALA,COD_H,PISO,NUM_CAMAS) values ('SPO-13H2','13-H2',2,4);
Insert into PF_G1.SALA (COD_SALA,COD_H,PISO,NUM_CAMAS) values ('SNG-12H1','12-H1',2,12);
Insert into PF_G1.SALA (COD_SALA,COD_H,PISO,NUM_CAMAS) values ('SGY-10H1','10-H1',2,10);
Insert into PF_G1.SALA (COD_SALA,COD_H,PISO,NUM_CAMAS) values ('UCISPA-8H5','8-H5',2,5);
Insert into PF_G1.SALA (COD_SALA,COD_H,PISO,NUM_CAMAS) values ('UCISPA-8H1','8-H1',2,2);
Insert into PF_G1.SALA (COD_SALA,COD_H,PISO,NUM_CAMAS) values ('UCISPA-8H3','8-H3',3,4);
REM INSERTING into PF_G1.SINTOMAS
SET DEFINE OFF;
Insert into PF_G1.SINTOMAS (COD_SINT,NOMBRE_SINT) values ('F','Fiebre');
Insert into PF_G1.SINTOMAS (COD_SINT,NOMBRE_SINT) values ('TS','Tos seca');
Insert into PF_G1.SINTOMAS (COD_SINT,NOMBRE_SINT) values ('C','Cansancio');
Insert into PF_G1.SINTOMAS (COD_SINT,NOMBRE_SINT) values ('DG','Dolor de garganta');
Insert into PF_G1.SINTOMAS (COD_SINT,NOMBRE_SINT) values ('DC','Dolor de cabeza');
Insert into PF_G1.SINTOMAS (COD_SINT,NOMBRE_SINT) values ('D','Diarrea');
Insert into PF_G1.SINTOMAS (COD_SINT,NOMBRE_SINT) values ('DM','Molestias y dolores');
Insert into PF_G1.SINTOMAS (COD_SINT,NOMBRE_SINT) values ('CO','Conjuntivitis');
Insert into PF_G1.SINTOMAS (COD_SINT,NOMBRE_SINT) values ('DR','Dificultad para respirar');
Insert into PF_G1.SINTOMAS (COD_SINT,NOMBRE_SINT) values ('E','Erupciones cut neas');
Insert into PF_G1.SINTOMAS (COD_SINT,NOMBRE_SINT) values ('IH','Inc pacidad para hablar');
Insert into PF_G1.SINTOMAS (COD_SINT,NOMBRE_SINT) values ('P','P‚rdida de olfato y gusto');
REM INSERTING into PF_G1.STATISTIC
SET DEFINE OFF;
Insert into PF_G1.STATISTIC (HOMBRE,MUJER,EDADA,EDADB,EDADC) values (45,55,10,50,40);
REM INSERTING into PF_G1.TELEFONO_H
SET DEFINE OFF;
Insert into PF_G1.TELEFONO_H (COD_H,NUM_TEL_H) values ('10-H1','345-8910');
Insert into PF_G1.TELEFONO_H (COD_H,NUM_TEL_H) values ('12-H1','268-0943');
Insert into PF_G1.TELEFONO_H (COD_H,NUM_TEL_H) values ('13-H1','254-8926');
Insert into PF_G1.TELEFONO_H (COD_H,NUM_TEL_H) values ('13-H2','253-3447');
Insert into PF_G1.TELEFONO_H (COD_H,NUM_TEL_H) values ('1-H1','774-5689');
Insert into PF_G1.TELEFONO_H (COD_H,NUM_TEL_H) values ('1-H2','765-8910');
Insert into PF_G1.TELEFONO_H (COD_H,NUM_TEL_H) values ('2-H1','945-8543');
Insert into PF_G1.TELEFONO_H (COD_H,NUM_TEL_H) values ('2-H2','998-3219');
Insert into PF_G1.TELEFONO_H (COD_H,NUM_TEL_H) values ('3-H1','445-5432');
Insert into PF_G1.TELEFONO_H (COD_H,NUM_TEL_H) values ('3-H2','447-5617');
Insert into PF_G1.TELEFONO_H (COD_H,NUM_TEL_H) values ('4-H1','785-8532');
Insert into PF_G1.TELEFONO_H (COD_H,NUM_TEL_H) values ('4-H2','735-3210');
Insert into PF_G1.TELEFONO_H (COD_H,NUM_TEL_H) values ('5-H1','245-5670');
Insert into PF_G1.TELEFONO_H (COD_H,NUM_TEL_H) values ('6-H1','995-6789');
Insert into PF_G1.TELEFONO_H (COD_H,NUM_TEL_H) values ('7-H1','996-7480');
Insert into PF_G1.TELEFONO_H (COD_H,NUM_TEL_H) values ('8-H1','507-5830');
Insert into PF_G1.TELEFONO_H (COD_H,NUM_TEL_H) values ('8-H2','305-6300');
Insert into PF_G1.TELEFONO_H (COD_H,NUM_TEL_H) values ('8-H3','360-7400');
Insert into PF_G1.TELEFONO_H (COD_H,NUM_TEL_H) values ('8-H4','399-8082');
Insert into PF_G1.TELEFONO_H (COD_H,NUM_TEL_H) values ('8-H5','503-6600');
Insert into PF_G1.TELEFONO_H (COD_H,NUM_TEL_H) values ('9-H1','985-4287');
REM INSERTING into PF_G1.TELEFONO_P
SET DEFINE OFF;
REM INSERTING into PF_G1.TIPO_TELEFONO_P
SET DEFINE OFF;
Insert into PF_G1.TIPO_TELEFONO_P (ID_TELEFONO_P,TIPO_TELEFONO_P) values (1,'Residencial');
Insert into PF_G1.TIPO_TELEFONO_P (ID_TELEFONO_P,TIPO_TELEFONO_P) values (2,'Celular');
--------------------------------------------------------
--  DDL for Index PERSONA_SINTOMA_PK
--------------------------------------------------------

  CREATE UNIQUE INDEX "PF_G1"."PERSONA_SINTOMA_PK" ON "PF_G1"."PERSONA_SINTOMA" ("COD_SINT", "ID_PERSONA") 
  PCTFREE 10 INITRANS 2 MAXTRANS 255 
  STORAGE(INITIAL 65536 NEXT 1048576 MINEXTENTS 1 MAXEXTENTS 2147483645
  PCTINCREASE 0 FREELISTS 1 FREELIST GROUPS 1 BUFFER_POOL DEFAULT FLASH_CACHE DEFAULT CELL_FLASH_CACHE DEFAULT)
  TABLESPACE "SYSTEM" ;
--------------------------------------------------------
--  DDL for Index ID_TELEFONO_PK
--------------------------------------------------------

  CREATE UNIQUE INDEX "PF_G1"."ID_TELEFONO_PK" ON "PF_G1"."TIPO_TELEFONO_P" ("ID_TELEFONO_P") 
  PCTFREE 10 INITRANS 2 MAXTRANS 255 
  STORAGE(INITIAL 65536 NEXT 1048576 MINEXTENTS 1 MAXEXTENTS 2147483645
  PCTINCREASE 0 FREELISTS 1 FREELIST GROUPS 1 BUFFER_POOL DEFAULT FLASH_CACHE DEFAULT CELL_FLASH_CACHE DEFAULT)
  TABLESPACE "SYSTEM" ;
--------------------------------------------------------
--  DDL for Index DOMICILIO_NUM_DOMIC_PK
--------------------------------------------------------

  CREATE UNIQUE INDEX "PF_G1"."DOMICILIO_NUM_DOMIC_PK" ON "PF_G1"."DOMICILIO" ("NUM_DOMIC") 
  PCTFREE 10 INITRANS 2 MAXTRANS 255 
  STORAGE(INITIAL 65536 NEXT 1048576 MINEXTENTS 1 MAXEXTENTS 2147483645
  PCTINCREASE 0 FREELISTS 1 FREELIST GROUPS 1 BUFFER_POOL DEFAULT FLASH_CACHE DEFAULT CELL_FLASH_CACHE DEFAULT)
  TABLESPACE "SYSTEM" ;
--------------------------------------------------------
--  DDL for Index PERSONA_PRUEBA_PK
--------------------------------------------------------

  CREATE UNIQUE INDEX "PF_G1"."PERSONA_PRUEBA_PK" ON "PF_G1"."PERSONA_PRUEBA" ("ID_PERSONA", "COD_PRUEBA") 
  PCTFREE 10 INITRANS 2 MAXTRANS 255 
  STORAGE(INITIAL 65536 NEXT 1048576 MINEXTENTS 1 MAXEXTENTS 2147483645
  PCTINCREASE 0 FREELISTS 1 FREELIST GROUPS 1 BUFFER_POOL DEFAULT FLASH_CACHE DEFAULT CELL_FLASH_CACHE DEFAULT)
  TABLESPACE "SYSTEM" ;
--------------------------------------------------------
--  DDL for Index CORREGIMIENTO_COD_CORREG_PK
--------------------------------------------------------

  CREATE UNIQUE INDEX "PF_G1"."CORREGIMIENTO_COD_CORREG_PK" ON "PF_G1"."CORREGIMIENTO" ("COD_CORREG") 
  PCTFREE 10 INITRANS 2 MAXTRANS 255 
  STORAGE(INITIAL 65536 NEXT 1048576 MINEXTENTS 1 MAXEXTENTS 2147483645
  PCTINCREASE 0 FREELISTS 1 FREELIST GROUPS 1 BUFFER_POOL DEFAULT FLASH_CACHE DEFAULT CELL_FLASH_CACHE DEFAULT)
  TABLESPACE "SYSTEM" ;
--------------------------------------------------------
--  DDL for Index HOSPITAL_COD_H_PK
--------------------------------------------------------

  CREATE UNIQUE INDEX "PF_G1"."HOSPITAL_COD_H_PK" ON "PF_G1"."HOSPITAL" ("COD_H") 
  PCTFREE 10 INITRANS 2 MAXTRANS 255 
  STORAGE(INITIAL 65536 NEXT 1048576 MINEXTENTS 1 MAXEXTENTS 2147483645
  PCTINCREASE 0 FREELISTS 1 FREELIST GROUPS 1 BUFFER_POOL DEFAULT FLASH_CACHE DEFAULT CELL_FLASH_CACHE DEFAULT)
  TABLESPACE "SYSTEM" ;
--------------------------------------------------------
--  DDL for Index PERSONA_ID_P_PK
--------------------------------------------------------

  CREATE UNIQUE INDEX "PF_G1"."PERSONA_ID_P_PK" ON "PF_G1"."PERSONA" ("ID_PERSONA") 
  PCTFREE 10 INITRANS 2 MAXTRANS 255 
  STORAGE(INITIAL 65536 NEXT 1048576 MINEXTENTS 1 MAXEXTENTS 2147483645
  PCTINCREASE 0 FREELISTS 1 FREELIST GROUPS 1 BUFFER_POOL DEFAULT FLASH_CACHE DEFAULT CELL_FLASH_CACHE DEFAULT)
  TABLESPACE "SYSTEM" ;
--------------------------------------------------------
--  DDL for Index DOCTOR_H_COD_ID_PK
--------------------------------------------------------

  CREATE UNIQUE INDEX "PF_G1"."DOCTOR_H_COD_ID_PK" ON "PF_G1"."DOCTOR_HOSPITAL" ("ID_DOCTOR", "COD_H") 
  PCTFREE 10 INITRANS 2 MAXTRANS 255 
  STORAGE(INITIAL 65536 NEXT 1048576 MINEXTENTS 1 MAXEXTENTS 2147483645
  PCTINCREASE 0 FREELISTS 1 FREELIST GROUPS 1 BUFFER_POOL DEFAULT FLASH_CACHE DEFAULT CELL_FLASH_CACHE DEFAULT)
  TABLESPACE "SYSTEM" ;
--------------------------------------------------------
--  DDL for Index ENF_PREV_PK
--------------------------------------------------------

  CREATE UNIQUE INDEX "PF_G1"."ENF_PREV_PK" ON "PF_G1"."ENFERMEDADES_PREVIAS" ("COD_ENF") 
  PCTFREE 10 INITRANS 2 MAXTRANS 255 
  STORAGE(INITIAL 65536 NEXT 1048576 MINEXTENTS 1 MAXEXTENTS 2147483645
  PCTINCREASE 0 FREELISTS 1 FREELIST GROUPS 1 BUFFER_POOL DEFAULT FLASH_CACHE DEFAULT CELL_FLASH_CACHE DEFAULT)
  TABLESPACE "SYSTEM" ;
--------------------------------------------------------
--  DDL for Index DOCTOR_ID_PK
--------------------------------------------------------

  CREATE UNIQUE INDEX "PF_G1"."DOCTOR_ID_PK" ON "PF_G1"."DOCTOR" ("ID_DOCTOR") 
  PCTFREE 10 INITRANS 2 MAXTRANS 255 
  STORAGE(INITIAL 65536 NEXT 1048576 MINEXTENTS 1 MAXEXTENTS 2147483645
  PCTINCREASE 0 FREELISTS 1 FREELIST GROUPS 1 BUFFER_POOL DEFAULT FLASH_CACHE DEFAULT CELL_FLASH_CACHE DEFAULT)
  TABLESPACE "SYSTEM" ;
--------------------------------------------------------
--  DDL for Index PROVINCIA_COD_PROV_PK
--------------------------------------------------------

  CREATE UNIQUE INDEX "PF_G1"."PROVINCIA_COD_PROV_PK" ON "PF_G1"."PROVINCIA" ("COD_PROV") 
  PCTFREE 10 INITRANS 2 MAXTRANS 255 
  STORAGE(INITIAL 65536 NEXT 1048576 MINEXTENTS 1 MAXEXTENTS 2147483645
  PCTINCREASE 0 FREELISTS 1 FREELIST GROUPS 1 BUFFER_POOL DEFAULT FLASH_CACHE DEFAULT CELL_FLASH_CACHE DEFAULT)
  TABLESPACE "SYSTEM" ;
--------------------------------------------------------
--  DDL for Index SALA_HOSPITAL_COD
--------------------------------------------------------

  CREATE UNIQUE INDEX "PF_G1"."SALA_HOSPITAL_COD" ON "PF_G1"."SALA" ("COD_SALA", "COD_H") 
  PCTFREE 10 INITRANS 2 MAXTRANS 255 
  STORAGE(INITIAL 65536 NEXT 1048576 MINEXTENTS 1 MAXEXTENTS 2147483645
  PCTINCREASE 0 FREELISTS 1 FREELIST GROUPS 1 BUFFER_POOL DEFAULT FLASH_CACHE DEFAULT CELL_FLASH_CACHE DEFAULT)
  TABLESPACE "SYSTEM" ;
--------------------------------------------------------
--  DDL for Index COD_ENF_CEDULA_P_PK
--------------------------------------------------------

  CREATE UNIQUE INDEX "PF_G1"."COD_ENF_CEDULA_P_PK" ON "PF_G1"."PERSONA_ENFERMEDADES_PREVIAS" ("COD_ENF", "ID_PERSONA") 
  PCTFREE 10 INITRANS 2 MAXTRANS 255 
  STORAGE(INITIAL 65536 NEXT 1048576 MINEXTENTS 1 MAXEXTENTS 2147483645
  PCTINCREASE 0 FREELISTS 1 FREELIST GROUPS 1 BUFFER_POOL DEFAULT FLASH_CACHE DEFAULT CELL_FLASH_CACHE DEFAULT)
  TABLESPACE "SYSTEM" ;
--------------------------------------------------------
--  DDL for Index SINTOMAS_COD_PK
--------------------------------------------------------

  CREATE UNIQUE INDEX "PF_G1"."SINTOMAS_COD_PK" ON "PF_G1"."SINTOMAS" ("COD_SINT") 
  PCTFREE 10 INITRANS 2 MAXTRANS 255 
  STORAGE(INITIAL 65536 NEXT 1048576 MINEXTENTS 1 MAXEXTENTS 2147483645
  PCTINCREASE 0 FREELISTS 1 FREELIST GROUPS 1 BUFFER_POOL DEFAULT FLASH_CACHE DEFAULT CELL_FLASH_CACHE DEFAULT)
  TABLESPACE "SYSTEM" ;
--------------------------------------------------------
--  DDL for Index PRUEBA_COD_PRUEBA_PK
--------------------------------------------------------

  CREATE UNIQUE INDEX "PF_G1"."PRUEBA_COD_PRUEBA_PK" ON "PF_G1"."PRUEBA" ("COD_PRUEBA") 
  PCTFREE 10 INITRANS 2 MAXTRANS 255 
  STORAGE(INITIAL 65536 NEXT 1048576 MINEXTENTS 1 MAXEXTENTS 2147483645
  PCTINCREASE 0 FREELISTS 1 FREELIST GROUPS 1 BUFFER_POOL DEFAULT FLASH_CACHE DEFAULT CELL_FLASH_CACHE DEFAULT)
  TABLESPACE "SYSTEM" ;
--------------------------------------------------------
--  DDL for Index ID_TELEF_CD_PK
--------------------------------------------------------

  CREATE UNIQUE INDEX "PF_G1"."ID_TELEF_CD_PK" ON "PF_G1"."TELEFONO_P" ("ID_TELEFONO_P", "ID_PERSONA") 
  PCTFREE 10 INITRANS 2 MAXTRANS 255 
  STORAGE(INITIAL 65536 NEXT 1048576 MINEXTENTS 1 MAXEXTENTS 2147483645
  PCTINCREASE 0 FREELISTS 1 FREELIST GROUPS 1 BUFFER_POOL DEFAULT FLASH_CACHE DEFAULT CELL_FLASH_CACHE DEFAULT)
  TABLESPACE "SYSTEM" ;
--------------------------------------------------------
--  DDL for Index COD_H_PK
--------------------------------------------------------

  CREATE UNIQUE INDEX "PF_G1"."COD_H_PK" ON "PF_G1"."TELEFONO_H" ("COD_H") 
  PCTFREE 10 INITRANS 2 MAXTRANS 255 
  STORAGE(INITIAL 65536 NEXT 1048576 MINEXTENTS 1 MAXEXTENTS 2147483645
  PCTINCREASE 0 FREELISTS 1 FREELIST GROUPS 1 BUFFER_POOL DEFAULT FLASH_CACHE DEFAULT CELL_FLASH_CACHE DEFAULT)
  TABLESPACE "SYSTEM" ;
--------------------------------------------------------
--  DDL for Index DISTRITO_COD_DISTRITO_PK
--------------------------------------------------------

  CREATE UNIQUE INDEX "PF_G1"."DISTRITO_COD_DISTRITO_PK" ON "PF_G1"."DISTRITO" ("COD_DIST") 
  PCTFREE 10 INITRANS 2 MAXTRANS 255 
  STORAGE(INITIAL 65536 NEXT 1048576 MINEXTENTS 1 MAXEXTENTS 2147483645
  PCTINCREASE 0 FREELISTS 1 FREELIST GROUPS 1 BUFFER_POOL DEFAULT FLASH_CACHE DEFAULT CELL_FLASH_CACHE DEFAULT)
  TABLESPACE "SYSTEM" ;
--------------------------------------------------------
--  DDL for Trigger PER_PAC
--------------------------------------------------------

  CREATE OR REPLACE TRIGGER "PF_G1"."PER_PAC" 
BEFORE UPDATE OR DELETE OR INSERT ON Persona
FOR EACH ROW
DECLARE
 v_Control CHAR(1);
BEGIN
IF UPDATING THEN
v_Control := 'U';
INSERT INTO Control_Infect (n_inf, id_pers, cedula_p, nombre_p, apellido_p, edad, fec_d, usuario)
VALUES (trig_per.nextval, :NEW.id_persona, :NEW.cedula_p, :NEW.nombre_p, :new.apellido_p, :new.edad, sysdate, user);
ELSIF INSERTING THEN
v_Control := 'I';
INSERT INTO Control_Infect (n_inf, id_pers, cedula_p, nombre_p, apellido_p, edad, fec_d, usuario)
VALUES (trig_per.nextval, :NEW.id_persona, :NEW.cedula_p, :NEW.nombre_p, :new.apellido_p, :new.edad, sysdate, user);
ELSIF DELETING THEN
v_Control := 'D';
INSERT INTO Control_Infect (n_inf, id_pers, cedula_p, nombre_p, apellido_p, edad, fec_d, usuario)
VALUES (trig_per.nextval, :NEW.id_persona, :NEW.cedula_p, :NEW.nombre_p, :new.apellido_p, :new.edad, sysdate, user);
END IF;
END per_pac;
/
ALTER TRIGGER "PF_G1"."PER_PAC" ENABLE;
--------------------------------------------------------
--  DDL for Trigger UPD_STATIC
--------------------------------------------------------

  CREATE OR REPLACE TRIGGER "PF_G1"."UPD_STATIC" 
BEFORE INSERT OR UPDATE ON Statistic
FOR EACH ROW
DECLARE
 v_Control CHAR(1);
BEGIN
IF UPDATING THEN
v_Control := 'U';
INSERT INTO control_stat
values (:NEW.mujer, :NEW.hombre, :NEW.edada, :NEW.edadb, :NEW.edadc, sysdate, user);
ELSIF INSERTING THEN
v_Control := 'I';
INSERT INTO control_stat
values (:NEW.mujer, :NEW.hombre, :NEW.edada, :NEW.edadb, :NEW.edadc, sysdate, user);
END IF;
END upd_static;
/
ALTER TRIGGER "PF_G1"."UPD_STATIC" ENABLE;
--------------------------------------------------------
--  DDL for Procedure ACT_AGE
--------------------------------------------------------
set define off;

  CREATE OR REPLACE PROCEDURE "PF_G1"."ACT_AGE" 
AS
CURSOR c_edad IS
SELECT id_persona, cedula_p, nombre_p, apellido_p, edad
FROM Persona;
v_idp persona.id_persona%TYPE;
v_nombre persona.nombre_p%TYPE;
v_apellido persona.apellido_p%TYPE;
v_edad persona.edad%TYPE;
v_cedula persona.cedula_p%TYPE;
v_funcion per_stat.estado%TYPE;
BEGIN
OPEN c_edad;
LOOP
FETCH c_edad INTO v_idp, v_cedula, v_nombre, v_apellido, v_edad;
v_funcion:=population(v_edad);
INSERT INTO per_stat (numstad, id_persona, cedula, nombre, apellido, edad, estado)
values (stat.nextval,v_idp, v_cedula, v_nombre, v_apellido, v_edad, v_funcion);
EXIT WHEN c_edad%NOTFOUND;
END LOOP;
CLOSE c_edad;
EXCEPTION
WHEN NO_DATA_FOUND THEN
     DBMS_OUTPUT.PUT_LINE ('No se encontr¢ los datos');
COMMIT;
END act_age;

/
--------------------------------------------------------
--  DDL for Procedure ADD_CORREG
--------------------------------------------------------
set define off;

  CREATE OR REPLACE PROCEDURE "PF_G1"."ADD_CORREG" (
p_codcorr corregimiento.cod_correg%TYPE,
p_nombreco corregimiento.nombre_correg%TYPE,
p_codis corregimiento.cod_dist%TYPE
) AS
BEGIN
INSERT INTO Corregimiento (cod_correg, nombre_correg, cod_dist)
values (p_codcorr, p_nombreco, p_codis);
EXCEPTION
WHEN NO_DATA_FOUND THEN
DBMS_OUTPUT.PUT_LINE ('No se encontro la tabla');
WHEN DUP_VAL_ON_INDEX THEN
DBMS_OUTPUT.PUT_LINE ('Ya existe este registro');
WHEN OTHERS THEN
DBMS_OUTPUT.PUT_LINE ('No se insertaron los datos');
COMMIT;
END add_correg;

/
--------------------------------------------------------
--  DDL for Procedure ADD_DISTRITO
--------------------------------------------------------
set define off;

  CREATE OR REPLACE PROCEDURE "PF_G1"."ADD_DISTRITO" (
p_coddis distrito.cod_dist%TYPE,
p_nombredis distrito.nombre_dist%TYPE,
p_codprov distrito.cod_prov%TYPE
) AS
BEGIN
INSERT INTO Distrito (cod_dist, nombre_dist, cod_prov)
values (p_coddis, p_nombredis, p_codprov);
EXCEPTION
WHEN NO_DATA_FOUND THEN
DBMS_OUTPUT.PUT_LINE ('No se encontro la tabla');
WHEN DUP_VAL_ON_INDEX THEN
DBMS_OUTPUT.PUT_LINE ('Ya existe este registro');
WHEN OTHERS THEN
DBMS_OUTPUT.PUT_LINE ('No se insertaron los datos');
COMMIT;
END add_distrito;

/
--------------------------------------------------------
--  DDL for Procedure ADD_DOCTOR
--------------------------------------------------------
set define off;

  CREATE OR REPLACE PROCEDURE "PF_G1"."ADD_DOCTOR" (
p_cedulad doctor.cedula_d%TYPE,
p_nombred doctor.nombre_d%TYPE,
p_apellidod doctor.apellido_d%TYPE
) AS
BEGIN
INSERT INTO Doctor (id_doctor, cedula_d, nombre_d, apellido_d)
values (seq_doc.nextval, p_cedulad, p_nombred, p_apellidod);
EXCEPTION
WHEN NO_DATA_FOUND THEN
DBMS_OUTPUT.PUT_LINE ('No se encontro la tabla');
WHEN DUP_VAL_ON_INDEX THEN
DBMS_OUTPUT.PUT_LINE ('Ya existe este registro');
WHEN OTHERS THEN
DBMS_OUTPUT.PUT_LINE ('No se insertaron los datos');
COMMIT;
END add_doctor;

/
--------------------------------------------------------
--  DDL for Procedure ADD_DOCTOR_HOSPITAL
--------------------------------------------------------
set define off;

  CREATE OR REPLACE PROCEDURE "PF_G1"."ADD_DOCTOR_HOSPITAL" (
p_id_doctor doctor_hospital.id_doctor%TYPE,
p_cod_h doctor_hospital.cod_h%TYPE
) AS
BEGIN
INSERT INTO doctor_hospital (id_doctor, cod_h)
values (p_id_doctor, p_cod_h);
EXCEPTION
WHEN NO_DATA_FOUND THEN
DBMS_OUTPUT.PUT_LINE ('No se encontro la tabla');
WHEN DUP_VAL_ON_INDEX THEN
DBMS_OUTPUT.PUT_LINE ('Ya existe este registro');
WHEN OTHERS THEN
DBMS_OUTPUT.PUT_LINE ('No se insertaron los datos');
COMMIT;
END Add_doctor_hospital;

/
--------------------------------------------------------
--  DDL for Procedure ADD_DOMICILIO
--------------------------------------------------------
set define off;

  CREATE OR REPLACE PROCEDURE "PF_G1"."ADD_DOMICILIO" (
p_numdom domicilio.num_domic%TYPE,
p_direcciond domicilio.direccion_d%TYPE,
p_numpers domicilio.num_pers_viv%TYPE,
p_codcor domicilio.cod_correg%TYPE
) AS
BEGIN
INSERT INTO Domicilio (num_domic, direccion_d, num_pers_viv, cod_correg)
values (p_numdom, p_direcciond, p_numpers, p_codcor);
EXCEPTION
WHEN NO_DATA_FOUND THEN
DBMS_OUTPUT.PUT_LINE ('No se encontro la tabla');
WHEN DUP_VAL_ON_INDEX THEN
DBMS_OUTPUT.PUT_LINE ('Ya existe este registro');
WHEN OTHERS THEN
DBMS_OUTPUT.PUT_LINE ('No se insertaron los datos');
COMMIT;
END add_domicilio;

/
--------------------------------------------------------
--  DDL for Procedure ADD_ENFERMEDAD
--------------------------------------------------------
set define off;

  CREATE OR REPLACE PROCEDURE "PF_G1"."ADD_ENFERMEDAD" (
p_code enfermedades_previas.cod_enf%TYPE,
p_nombrenf enfermedades_previas.nombre_enf%TYPE
) AS
BEGIN
INSERT INTO Enfermedades_previas (cod_enf, nombre_enf)
values (p_code, p_nombrenf);
EXCEPTION
WHEN NO_DATA_FOUND THEN
DBMS_OUTPUT.PUT_LINE ('No se encontro la tabla');
WHEN DUP_VAL_ON_INDEX THEN
DBMS_OUTPUT.PUT_LINE ('Ya existe este registro');
WHEN OTHERS THEN
DBMS_OUTPUT.PUT_LINE ('No se insertaron los datos');
COMMIT;
END add_enfermedad;

/
--------------------------------------------------------
--  DDL for Procedure ADD_HOSPITAL
--------------------------------------------------------
set define off;

  CREATE OR REPLACE PROCEDURE "PF_G1"."ADD_HOSPITAL" (
p_codh hospital.cod_h%TYPE,
p_nombreh hospital.nombre_h%TYPE,
p_direccionh hospital.direccion_h%TYPE
) AS
BEGIN
INSERT INTO Hospital (cod_h, nombre_h, direccion_h)
values (p_codh, p_nombreh, p_direccionh);
EXCEPTION
WHEN NO_DATA_FOUND THEN
DBMS_OUTPUT.PUT_LINE ('No se encontro la tabla');
WHEN DUP_VAL_ON_INDEX THEN
DBMS_OUTPUT.PUT_LINE ('Ya existe este registro');
WHEN OTHERS THEN
DBMS_OUTPUT.PUT_LINE ('No se insertaron los datos');
COMMIT;
END add_hospital;

/
--------------------------------------------------------
--  DDL for Procedure ADD_PERSONA
--------------------------------------------------------
set define off;

  CREATE OR REPLACE PROCEDURE "PF_G1"."ADD_PERSONA" (
p_cedulap persona.cedula_p%TYPE,
p_nombrep persona.nombre_p%TYPE,
p_apellidop persona.apellido_p%TYPE,
p_sexo persona.sexo%TYPE,
p_fechan persona.fecha_nac%TYPE,
p_numdom persona.num_domic%TYPE,
p_codsala persona.cod_sala%TYPE,
p_codh persona.cod_h%TYPE
) AS
p_edad persona.edad%TYPE;
BEGIN
p_edad:=calc_edad(p_fechan);
INSERT INTO Persona (id_persona, cedula_p, nombre_p, apellido_p, sexo, fecha_nac, edad, num_domic, cod_sala, cod_h)
values (seq_pers.nextval, p_cedulap, p_nombrep, p_apellidop, p_sexo, p_fechan, p_edad, p_numdom, p_codsala, p_codh);
EXCEPTION
WHEN NO_DATA_FOUND THEN
DBMS_OUTPUT.PUT_LINE ('No se encontro la tabla');
WHEN DUP_VAL_ON_INDEX THEN
DBMS_OUTPUT.PUT_LINE ('Ya existe este registro');
WHEN OTHERS THEN
DBMS_OUTPUT.PUT_LINE ('No se insertaron los datos');
COMMIT;
END add_persona;

/
--------------------------------------------------------
--  DDL for Procedure ADD_PERSONA_EP
--------------------------------------------------------
set define off;

  CREATE OR REPLACE PROCEDURE "PF_G1"."ADD_PERSONA_EP" (
p_cod_enf persona_enfermedades_previas.cod_enf%TYPE,
p_id_persona persona_enfermedades_previas.id_persona%TYPE,
p_fecha_estudio persona_enfermedades_previas.fecha_estudio%TYPE
) AS
BEGIN
INSERT INTO Persona_enfermedades_previas (cod_enf, id_persona, fecha_estudio)
values (p_cod_enf, p_id_persona, p_fecha_estudio);
EXCEPTION
WHEN NO_DATA_FOUND THEN
DBMS_OUTPUT.PUT_LINE ('No se encontro la tabla');
WHEN DUP_VAL_ON_INDEX THEN
DBMS_OUTPUT.PUT_LINE ('Ya existe este registro');
WHEN OTHERS THEN
DBMS_OUTPUT.PUT_LINE ('No se insertaron los datos');
COMMIT;
END add_persona_ep;

/
--------------------------------------------------------
--  DDL for Procedure ADD_PERSONA_PRUEBA
--------------------------------------------------------
set define off;

  CREATE OR REPLACE PROCEDURE "PF_G1"."ADD_PERSONA_PRUEBA" (
p_id_persona persona_prueba.id_persona%TYPE,
p_cod_prueba persona_prueba.cod_prueba%TYPE,
p_fec_d persona_prueba.fec_d%TYPE
) AS
BEGIN
INSERT INTO Persona_prueba (id_persona, cod_prueba, fec_d)
values (p_id_persona, p_cod_prueba, p_fec_d);
EXCEPTION
WHEN NO_DATA_FOUND THEN
DBMS_OUTPUT.PUT_LINE ('No se encontro la tabla');
WHEN DUP_VAL_ON_INDEX THEN
DBMS_OUTPUT.PUT_LINE ('Ya existe este registro');
WHEN OTHERS THEN
DBMS_OUTPUT.PUT_LINE ('No se insertaron los datos');
COMMIT;
END add_persona_prueba;

/
--------------------------------------------------------
--  DDL for Procedure ADD_PERSONA_SINTOMA
--------------------------------------------------------
set define off;

  CREATE OR REPLACE PROCEDURE "PF_G1"."ADD_PERSONA_SINTOMA" (
p_cod_sint persona_sintoma.cod_sint%TYPE,
p_id_persona persona_sintoma.id_persona%TYPE
) AS
BEGIN
INSERT INTO Persona_sintoma (cod_sint, id_persona)
Values (p_cod_sint, p_id_persona);
EXCEPTION
WHEN NO_DATA_FOUND THEN
DBMS_OUTPUT.PUT_LINE ('No se encontro la tabla');
WHEN DUP_VAL_ON_INDEX THEN
DBMS_OUTPUT.PUT_LINE ('Ya existe este registro');
WHEN OTHERS THEN
DBMS_OUTPUT.PUT_LINE ('No se insertaron los datos');
COMMIT;
END add_persona_sintoma;

/
--------------------------------------------------------
--  DDL for Procedure ADD_PROVINCIA
--------------------------------------------------------
set define off;

  CREATE OR REPLACE PROCEDURE "PF_G1"."ADD_PROVINCIA" (
p_codp provincia.cod_prov%TYPE,
p_nombrep provincia.nombre_prov%TYPE
) AS
BEGIN
INSERT INTO Provincia (cod_prov, nombre_prov)
values (p_codp, p_nombrep);
EXCEPTION
WHEN NO_DATA_FOUND THEN
DBMS_OUTPUT.PUT_LINE ('No se encontro la tabla');
WHEN DUP_VAL_ON_INDEX THEN
DBMS_OUTPUT.PUT_LINE ('Ya existe este registro');
WHEN OTHERS THEN
DBMS_OUTPUT.PUT_LINE ('No se insertaron los datos');
COMMIT;
END add_provincia;

/
--------------------------------------------------------
--  DDL for Procedure ADD_PRUEBA
--------------------------------------------------------
set define off;

  CREATE OR REPLACE PROCEDURE "PF_G1"."ADD_PRUEBA" (
p_codpb prueba.cod_prueba%TYPE,
p_tipop prueba.tipo_prueba%TYPE
) AS
BEGIN
INSERT INTO Prueba (cod_prueba, tipo_prueba)
values (p_codpb, p_tipop);
EXCEPTION
WHEN NO_DATA_FOUND THEN
DBMS_OUTPUT.PUT_LINE ('No se encontro la tabla');
WHEN DUP_VAL_ON_INDEX THEN
DBMS_OUTPUT.PUT_LINE ('Ya existe este registro');
WHEN OTHERS THEN
DBMS_OUTPUT.PUT_LINE ('No se insertaron los datos');
COMMIT;
END add_prueba;

/
--------------------------------------------------------
--  DDL for Procedure ADD_SALA
--------------------------------------------------------
set define off;

  CREATE OR REPLACE PROCEDURE "PF_G1"."ADD_SALA" (
p_cod_sala sala.cod_sala%TYPE,
p_cod_h sala.cod_h%TYPE,
p_piso sala.piso%TYPE,
p_num_camas sala.num_camas%TYPE
) AS
BEGIN
INSERT INTO sala (cod_sala, cod_h, piso, num_camas)
values (p_cod_sala, p_cod_h, p_piso, p_num_camas);
EXCEPTION
WHEN NO_DATA_FOUND THEN
DBMS_OUTPUT.PUT_LINE ('No se encontro la tabla');
WHEN DUP_VAL_ON_INDEX THEN
DBMS_OUTPUT.PUT_LINE ('Ya existe este registro');
WHEN OTHERS THEN
DBMS_OUTPUT.PUT_LINE ('No se insertaron los datos');
COMMIT;
END add_sala;

/
--------------------------------------------------------
--  DDL for Procedure ADD_SINTOMA
--------------------------------------------------------
set define off;

  CREATE OR REPLACE PROCEDURE "PF_G1"."ADD_SINTOMA" (
p_cods sintomas.cod_sint%TYPE,
p_nombres sintomas.nombre_sint%TYPE
) AS
BEGIN
INSERT INTO Sintomas (cod_sint, nombre_sint)
values (p_cods, p_nombres);
EXCEPTION
WHEN NO_DATA_FOUND THEN
DBMS_OUTPUT.PUT_LINE ('No se encontro la tabla');
WHEN DUP_VAL_ON_INDEX THEN
DBMS_OUTPUT.PUT_LINE ('Ya existe este registro');
WHEN OTHERS THEN
DBMS_OUTPUT.PUT_LINE ('No se insertaron los datos');
COMMIT;
END add_sintoma;

/
--------------------------------------------------------
--  DDL for Procedure ADD_TELEFONO_H
--------------------------------------------------------
set define off;

  CREATE OR REPLACE PROCEDURE "PF_G1"."ADD_TELEFONO_H" (
p_cod_h telefono_h.cod_h%TYPE,
p_num_tel_h telefono_h.num_tel_h%TYPE
) AS
BEGIN
INSERT INTO telefono_h (cod_h, num_tel_h)
values (p_cod_h, p_num_tel_h);
EXCEPTION
WHEN NO_DATA_FOUND THEN
DBMS_OUTPUT.PUT_LINE ('No se encontro la tabla');
WHEN DUP_VAL_ON_INDEX THEN
DBMS_OUTPUT.PUT_LINE ('Ya existe este registro');
WHEN OTHERS THEN
DBMS_OUTPUT.PUT_LINE ('No se insertaron los datos');
COMMIT;
END add_telefono_h;

/
--------------------------------------------------------
--  DDL for Procedure ADD_TELEFONO_P
--------------------------------------------------------
set define off;

  CREATE OR REPLACE PROCEDURE "PF_G1"."ADD_TELEFONO_P" (
    p_id_telefono_p                   IN telefono_p.id_telefono_p%TYPE,
    p_id_persona                 IN telefono_p.id_persona%TYPE,
    p_num_tel_p       IN telefono_p.num_tel_p%TYPE
    ) AS
BEGIN
    INSERT INTO telefono_p(id_telefono_p, id_persona, num_tel_p)
    VALUES (p_id_telefono_p, p_id_persona, p_num_tel_p);
EXCEPTION
     WHEN NO_DATA_FOUND THEN
     DBMS_OUTPUT.PUT_LINE ('No se encontr¢ la tabla');
COMMIT;
END add_telefono_p;

/
--------------------------------------------------------
--  DDL for Procedure ADD_TIPO_TELEFONO_P
--------------------------------------------------------
set define off;

  CREATE OR REPLACE PROCEDURE "PF_G1"."ADD_TIPO_TELEFONO_P" (
    p_id_telefono_p     IN tipo_telefono_p.id_telefono_p%TYPE,
    p_tipo_telefono_p   IN tipo_telefono_p.tipo_telefono_p%TYPE
    ) AS
BEGIN
    INSERT INTO Tipo_Telefono_p (id_telefono_p, tipo_telefono_p)
    VALUES (p_id_telefono_p, p_tipo_telefono_p);
EXCEPTION
WHEN NO_DATA_FOUND THEN
DBMS_OUTPUT.PUT_LINE ('No se encontro la tabla');
COMMIT;
END add_tipo_telefono_p;

/
--------------------------------------------------------
--  DDL for Procedure UPD_STAT
--------------------------------------------------------
set define off;

  CREATE OR REPLACE PROCEDURE "PF_G1"."UPD_STAT" 
AS
p_hom statistic.hombre%TYPE;
p_muj statistic.mujer%TYPE;
p_edada statistic.edada%TYPE;
p_edadb statistic.edadb%TYPE;
p_edadc statistic.edadc%TYPE;
BEGIN
p_hom:=stat_male;
p_muj:=stat_female;
p_edada:=stat_edada;
p_edadb:=stat_edadb;
p_edadc:=stat_edadc;
INSERT INTO Statistic
values (p_hom, p_muj,p_edada,p_edadb,p_edadc);
EXCEPTION
WHEN NO_DATA_FOUND THEN
     DBMS_OUTPUT.PUT_LINE ('No se encontro los datos');
COMMIT;
END upd_stat;

/
--------------------------------------------------------
--  DDL for Function CALC_EDAD
--------------------------------------------------------

  CREATE OR REPLACE FUNCTION "PF_G1"."CALC_EDAD" (fecha_nac PERSONA.fecha_nac%TYPE)
RETURN NUMBER AS
BEGIN
RETURN FLOOR (months_between (sysdate, fecha_nac)/12);
END calc_edad;

/
--------------------------------------------------------
--  DDL for Function POPULATION
--------------------------------------------------------

  CREATE OR REPLACE FUNCTION "PF_G1"."POPULATION" (
p_edad persona.edad%TYPE)
RETURN VARCHAR2 AS
BEGIN
IF p_edad>=60 THEN
RETURN 'Riesgo Alto';
ELSIF p_edad >=30 THEN
RETURN 'Riesgo Regular';
ELSE
RETURN 'Riesgo Bajo';
END IF;
END population;

/
--------------------------------------------------------
--  DDL for Function STAT_EDADA
--------------------------------------------------------

  CREATE OR REPLACE FUNCTION "PF_G1"."STAT_EDADA" 
RETURN NUMBER AS
v_edadc NUMBER;
v_total NUMBER;
v_resp NUMBER;
BEGIN
SELECT count(edad) INTO v_edadc FROM Persona
WHERE edad>=60;
SELECT count(id_persona) INTO v_total FROM Persona;
v_resp:=(v_edadc/v_total)*100;
RETURN v_resp;
END stat_edada;

/
--------------------------------------------------------
--  DDL for Function STAT_EDADB
--------------------------------------------------------

  CREATE OR REPLACE FUNCTION "PF_G1"."STAT_EDADB" 
RETURN NUMBER AS
v_edadc NUMBER;
v_total NUMBER;
v_resp NUMBER;
BEGIN
SELECT count(edad) INTO v_edadc FROM Persona
WHERE edad>=30 AND edad<60;
SELECT count(*) INTO v_total FROM Persona;
v_resp:=(v_edadc/v_total)*100;
RETURN v_resp;
END stat_edadb;

/
--------------------------------------------------------
--  DDL for Function STAT_EDADC
--------------------------------------------------------

  CREATE OR REPLACE FUNCTION "PF_G1"."STAT_EDADC" 
RETURN NUMBER AS
v_edadc NUMBER;
v_total NUMBER;
v_resp NUMBER;
BEGIN
SELECT count(edad) INTO v_edadc FROM Persona
WHERE edad<30;
SELECT count(id_persona) INTO v_total FROM Persona;
v_resp:=(v_edadc/v_total)*100;
RETURN v_resp;
END stat_edadc;

/
--------------------------------------------------------
--  DDL for Function STAT_FEMALE
--------------------------------------------------------

  CREATE OR REPLACE FUNCTION "PF_G1"."STAT_FEMALE" 
RETURN NUMBER AS
v_muj NUMBER;
v_total NUMBER;
v_resp NUMBER;
BEGIN
SELECT count(sexo) INTO v_muj FROM Persona
WHERE sexo='F';
SELECT count(sexo) INTO v_total FROM Persona;
v_resp:=(v_muj/v_total)*100;
RETURN v_resp;
END stat_female;

/
--------------------------------------------------------
--  DDL for Function STAT_MALE
--------------------------------------------------------

  CREATE OR REPLACE FUNCTION "PF_G1"."STAT_MALE" 
RETURN NUMBER AS
v_hom NUMBER;
v_total NUMBER;
v_resp NUMBER;
BEGIN
SELECT count(sexo) INTO v_hom FROM Persona
WHERE sexo='M';
SELECT count(sexo) INTO v_total FROM Persona;
v_resp:=(v_hom/v_total)*100;
RETURN v_resp;
END stat_male;

/
--------------------------------------------------------
--  Constraints for Table PERSONA_SINTOMA
--------------------------------------------------------

  ALTER TABLE "PF_G1"."PERSONA_SINTOMA" ADD CONSTRAINT "PERSONA_SINTOMA_PK" PRIMARY KEY ("COD_SINT", "ID_PERSONA")
  USING INDEX PCTFREE 10 INITRANS 2 MAXTRANS 255 
  STORAGE(INITIAL 65536 NEXT 1048576 MINEXTENTS 1 MAXEXTENTS 2147483645
  PCTINCREASE 0 FREELISTS 1 FREELIST GROUPS 1 BUFFER_POOL DEFAULT FLASH_CACHE DEFAULT CELL_FLASH_CACHE DEFAULT)
  TABLESPACE "SYSTEM"  ENABLE;
--------------------------------------------------------
--  Constraints for Table DOCTOR_HOSPITAL
--------------------------------------------------------

  ALTER TABLE "PF_G1"."DOCTOR_HOSPITAL" ADD CONSTRAINT "DOCTOR_H_COD_ID_PK" PRIMARY KEY ("ID_DOCTOR", "COD_H")
  USING INDEX PCTFREE 10 INITRANS 2 MAXTRANS 255 
  STORAGE(INITIAL 65536 NEXT 1048576 MINEXTENTS 1 MAXEXTENTS 2147483645
  PCTINCREASE 0 FREELISTS 1 FREELIST GROUPS 1 BUFFER_POOL DEFAULT FLASH_CACHE DEFAULT CELL_FLASH_CACHE DEFAULT)
  TABLESPACE "SYSTEM"  ENABLE;
--------------------------------------------------------
--  Constraints for Table PROVINCIA
--------------------------------------------------------

  ALTER TABLE "PF_G1"."PROVINCIA" ADD CONSTRAINT "PROVINCIA_COD_PROV_PK" PRIMARY KEY ("COD_PROV")
  USING INDEX PCTFREE 10 INITRANS 2 MAXTRANS 255 
  STORAGE(INITIAL 65536 NEXT 1048576 MINEXTENTS 1 MAXEXTENTS 2147483645
  PCTINCREASE 0 FREELISTS 1 FREELIST GROUPS 1 BUFFER_POOL DEFAULT FLASH_CACHE DEFAULT CELL_FLASH_CACHE DEFAULT)
  TABLESPACE "SYSTEM"  ENABLE;
  ALTER TABLE "PF_G1"."PROVINCIA" MODIFY ("NOMBRE_PROV" NOT NULL ENABLE);
--------------------------------------------------------
--  Constraints for Table DOCTOR
--------------------------------------------------------

  ALTER TABLE "PF_G1"."DOCTOR" ADD CONSTRAINT "DOCTOR_ID_PK" PRIMARY KEY ("ID_DOCTOR")
  USING INDEX PCTFREE 10 INITRANS 2 MAXTRANS 255 
  STORAGE(INITIAL 65536 NEXT 1048576 MINEXTENTS 1 MAXEXTENTS 2147483645
  PCTINCREASE 0 FREELISTS 1 FREELIST GROUPS 1 BUFFER_POOL DEFAULT FLASH_CACHE DEFAULT CELL_FLASH_CACHE DEFAULT)
  TABLESPACE "SYSTEM"  ENABLE;
  ALTER TABLE "PF_G1"."DOCTOR" MODIFY ("APELLIDO_D" NOT NULL ENABLE);
  ALTER TABLE "PF_G1"."DOCTOR" MODIFY ("NOMBRE_D" NOT NULL ENABLE);
  ALTER TABLE "PF_G1"."DOCTOR" MODIFY ("CEDULA_D" NOT NULL ENABLE);
--------------------------------------------------------
--  Constraints for Table CONTROL_INFECT
--------------------------------------------------------

  ALTER TABLE "PF_G1"."CONTROL_INFECT" MODIFY ("FEC_D" NOT NULL ENABLE);
  ALTER TABLE "PF_G1"."CONTROL_INFECT" MODIFY ("APELLIDO_P" NOT NULL ENABLE);
  ALTER TABLE "PF_G1"."CONTROL_INFECT" MODIFY ("NOMBRE_P" NOT NULL ENABLE);
  ALTER TABLE "PF_G1"."CONTROL_INFECT" MODIFY ("CEDULA_P" NOT NULL ENABLE);
--------------------------------------------------------
--  Constraints for Table SALA
--------------------------------------------------------

  ALTER TABLE "PF_G1"."SALA" ADD CONSTRAINT "SALA_HOSPITAL_COD" PRIMARY KEY ("COD_SALA", "COD_H")
  USING INDEX PCTFREE 10 INITRANS 2 MAXTRANS 255 
  STORAGE(INITIAL 65536 NEXT 1048576 MINEXTENTS 1 MAXEXTENTS 2147483645
  PCTINCREASE 0 FREELISTS 1 FREELIST GROUPS 1 BUFFER_POOL DEFAULT FLASH_CACHE DEFAULT CELL_FLASH_CACHE DEFAULT)
  TABLESPACE "SYSTEM"  ENABLE;
  ALTER TABLE "PF_G1"."SALA" MODIFY ("NUM_CAMAS" NOT NULL ENABLE);
  ALTER TABLE "PF_G1"."SALA" MODIFY ("PISO" NOT NULL ENABLE);
--------------------------------------------------------
--  Constraints for Table PERSONA_PRUEBA
--------------------------------------------------------

  ALTER TABLE "PF_G1"."PERSONA_PRUEBA" ADD CONSTRAINT "PERSONA_PRUEBA_PK" PRIMARY KEY ("ID_PERSONA", "COD_PRUEBA")
  USING INDEX PCTFREE 10 INITRANS 2 MAXTRANS 255 
  STORAGE(INITIAL 65536 NEXT 1048576 MINEXTENTS 1 MAXEXTENTS 2147483645
  PCTINCREASE 0 FREELISTS 1 FREELIST GROUPS 1 BUFFER_POOL DEFAULT FLASH_CACHE DEFAULT CELL_FLASH_CACHE DEFAULT)
  TABLESPACE "SYSTEM"  ENABLE;
  ALTER TABLE "PF_G1"."PERSONA_PRUEBA" MODIFY ("FEC_D" NOT NULL ENABLE);
--------------------------------------------------------
--  Constraints for Table PERSONA
--------------------------------------------------------

  ALTER TABLE "PF_G1"."PERSONA" ADD CONSTRAINT "PERSONA_ID_P_PK" PRIMARY KEY ("ID_PERSONA")
  USING INDEX PCTFREE 10 INITRANS 2 MAXTRANS 255 
  STORAGE(INITIAL 65536 NEXT 1048576 MINEXTENTS 1 MAXEXTENTS 2147483645
  PCTINCREASE 0 FREELISTS 1 FREELIST GROUPS 1 BUFFER_POOL DEFAULT FLASH_CACHE DEFAULT CELL_FLASH_CACHE DEFAULT)
  TABLESPACE "SYSTEM"  ENABLE;
  ALTER TABLE "PF_G1"."PERSONA" MODIFY ("NUM_DOMIC" NOT NULL ENABLE);
  ALTER TABLE "PF_G1"."PERSONA" MODIFY ("FECHA_NAC" NOT NULL ENABLE);
  ALTER TABLE "PF_G1"."PERSONA" MODIFY ("SEXO" NOT NULL ENABLE);
  ALTER TABLE "PF_G1"."PERSONA" MODIFY ("APELLIDO_P" NOT NULL ENABLE);
  ALTER TABLE "PF_G1"."PERSONA" MODIFY ("NOMBRE_P" NOT NULL ENABLE);
  ALTER TABLE "PF_G1"."PERSONA" MODIFY ("CEDULA_P" NOT NULL ENABLE);
--------------------------------------------------------
--  Constraints for Table ENFERMEDADES_PREVIAS
--------------------------------------------------------

  ALTER TABLE "PF_G1"."ENFERMEDADES_PREVIAS" ADD CONSTRAINT "ENF_PREV_PK" PRIMARY KEY ("COD_ENF")
  USING INDEX PCTFREE 10 INITRANS 2 MAXTRANS 255 
  STORAGE(INITIAL 65536 NEXT 1048576 MINEXTENTS 1 MAXEXTENTS 2147483645
  PCTINCREASE 0 FREELISTS 1 FREELIST GROUPS 1 BUFFER_POOL DEFAULT FLASH_CACHE DEFAULT CELL_FLASH_CACHE DEFAULT)
  TABLESPACE "SYSTEM"  ENABLE;
  ALTER TABLE "PF_G1"."ENFERMEDADES_PREVIAS" MODIFY ("NOMBRE_ENF" NOT NULL ENABLE);
--------------------------------------------------------
--  Constraints for Table HOSPITAL
--------------------------------------------------------

  ALTER TABLE "PF_G1"."HOSPITAL" ADD CONSTRAINT "HOSPITAL_COD_H_PK" PRIMARY KEY ("COD_H")
  USING INDEX PCTFREE 10 INITRANS 2 MAXTRANS 255 
  STORAGE(INITIAL 65536 NEXT 1048576 MINEXTENTS 1 MAXEXTENTS 2147483645
  PCTINCREASE 0 FREELISTS 1 FREELIST GROUPS 1 BUFFER_POOL DEFAULT FLASH_CACHE DEFAULT CELL_FLASH_CACHE DEFAULT)
  TABLESPACE "SYSTEM"  ENABLE;
  ALTER TABLE "PF_G1"."HOSPITAL" MODIFY ("DIRECCION_H" NOT NULL ENABLE);
  ALTER TABLE "PF_G1"."HOSPITAL" MODIFY ("NOMBRE_H" NOT NULL ENABLE);
--------------------------------------------------------
--  Constraints for Table DISTRITO
--------------------------------------------------------

  ALTER TABLE "PF_G1"."DISTRITO" ADD CONSTRAINT "DISTRITO_COD_DISTRITO_PK" PRIMARY KEY ("COD_DIST")
  USING INDEX PCTFREE 10 INITRANS 2 MAXTRANS 255 
  STORAGE(INITIAL 65536 NEXT 1048576 MINEXTENTS 1 MAXEXTENTS 2147483645
  PCTINCREASE 0 FREELISTS 1 FREELIST GROUPS 1 BUFFER_POOL DEFAULT FLASH_CACHE DEFAULT CELL_FLASH_CACHE DEFAULT)
  TABLESPACE "SYSTEM"  ENABLE;
  ALTER TABLE "PF_G1"."DISTRITO" MODIFY ("COD_PROV" NOT NULL ENABLE);
  ALTER TABLE "PF_G1"."DISTRITO" MODIFY ("NOMBRE_DIST" NOT NULL ENABLE);
--------------------------------------------------------
--  Constraints for Table DOMICILIO
--------------------------------------------------------

  ALTER TABLE "PF_G1"."DOMICILIO" ADD CONSTRAINT "DOMICILIO_NUM_DOMIC_PK" PRIMARY KEY ("NUM_DOMIC")
  USING INDEX PCTFREE 10 INITRANS 2 MAXTRANS 255 
  STORAGE(INITIAL 65536 NEXT 1048576 MINEXTENTS 1 MAXEXTENTS 2147483645
  PCTINCREASE 0 FREELISTS 1 FREELIST GROUPS 1 BUFFER_POOL DEFAULT FLASH_CACHE DEFAULT CELL_FLASH_CACHE DEFAULT)
  TABLESPACE "SYSTEM"  ENABLE;
  ALTER TABLE "PF_G1"."DOMICILIO" MODIFY ("COD_CORREG" NOT NULL ENABLE);
  ALTER TABLE "PF_G1"."DOMICILIO" MODIFY ("NUM_PERS_VIV" NOT NULL ENABLE);
  ALTER TABLE "PF_G1"."DOMICILIO" MODIFY ("DIRECCION_D" NOT NULL ENABLE);
--------------------------------------------------------
--  Constraints for Table SINTOMAS
--------------------------------------------------------

  ALTER TABLE "PF_G1"."SINTOMAS" ADD CONSTRAINT "SINTOMAS_COD_PK" PRIMARY KEY ("COD_SINT")
  USING INDEX PCTFREE 10 INITRANS 2 MAXTRANS 255 
  STORAGE(INITIAL 65536 NEXT 1048576 MINEXTENTS 1 MAXEXTENTS 2147483645
  PCTINCREASE 0 FREELISTS 1 FREELIST GROUPS 1 BUFFER_POOL DEFAULT FLASH_CACHE DEFAULT CELL_FLASH_CACHE DEFAULT)
  TABLESPACE "SYSTEM"  ENABLE;
  ALTER TABLE "PF_G1"."SINTOMAS" MODIFY ("NOMBRE_SINT" NOT NULL ENABLE);
--------------------------------------------------------
--  Constraints for Table TIPO_TELEFONO_P
--------------------------------------------------------

  ALTER TABLE "PF_G1"."TIPO_TELEFONO_P" ADD CONSTRAINT "ID_TELEFONO_PK" PRIMARY KEY ("ID_TELEFONO_P")
  USING INDEX PCTFREE 10 INITRANS 2 MAXTRANS 255 
  STORAGE(INITIAL 65536 NEXT 1048576 MINEXTENTS 1 MAXEXTENTS 2147483645
  PCTINCREASE 0 FREELISTS 1 FREELIST GROUPS 1 BUFFER_POOL DEFAULT FLASH_CACHE DEFAULT CELL_FLASH_CACHE DEFAULT)
  TABLESPACE "SYSTEM"  ENABLE;
  ALTER TABLE "PF_G1"."TIPO_TELEFONO_P" MODIFY ("TIPO_TELEFONO_P" NOT NULL ENABLE);
  ALTER TABLE "PF_G1"."TIPO_TELEFONO_P" MODIFY ("ID_TELEFONO_P" NOT NULL ENABLE);
--------------------------------------------------------
--  Constraints for Table TELEFONO_H
--------------------------------------------------------

  ALTER TABLE "PF_G1"."TELEFONO_H" ADD CONSTRAINT "COD_H_PK" PRIMARY KEY ("COD_H")
  USING INDEX PCTFREE 10 INITRANS 2 MAXTRANS 255 
  STORAGE(INITIAL 65536 NEXT 1048576 MINEXTENTS 1 MAXEXTENTS 2147483645
  PCTINCREASE 0 FREELISTS 1 FREELIST GROUPS 1 BUFFER_POOL DEFAULT FLASH_CACHE DEFAULT CELL_FLASH_CACHE DEFAULT)
  TABLESPACE "SYSTEM"  ENABLE;
--------------------------------------------------------
--  Constraints for Table PERSONA_ENFERMEDADES_PREVIAS
--------------------------------------------------------

  ALTER TABLE "PF_G1"."PERSONA_ENFERMEDADES_PREVIAS" ADD CONSTRAINT "COD_ENF_CEDULA_P_PK" PRIMARY KEY ("COD_ENF", "ID_PERSONA")
  USING INDEX PCTFREE 10 INITRANS 2 MAXTRANS 255 
  STORAGE(INITIAL 65536 NEXT 1048576 MINEXTENTS 1 MAXEXTENTS 2147483645
  PCTINCREASE 0 FREELISTS 1 FREELIST GROUPS 1 BUFFER_POOL DEFAULT FLASH_CACHE DEFAULT CELL_FLASH_CACHE DEFAULT)
  TABLESPACE "SYSTEM"  ENABLE;
  ALTER TABLE "PF_G1"."PERSONA_ENFERMEDADES_PREVIAS" MODIFY ("FECHA_ESTUDIO" NOT NULL ENABLE);
  ALTER TABLE "PF_G1"."PERSONA_ENFERMEDADES_PREVIAS" MODIFY ("ID_PERSONA" NOT NULL ENABLE);
  ALTER TABLE "PF_G1"."PERSONA_ENFERMEDADES_PREVIAS" MODIFY ("COD_ENF" NOT NULL ENABLE);
--------------------------------------------------------
--  Constraints for Table CORREGIMIENTO
--------------------------------------------------------

  ALTER TABLE "PF_G1"."CORREGIMIENTO" ADD CONSTRAINT "CORREGIMIENTO_COD_CORREG_PK" PRIMARY KEY ("COD_CORREG")
  USING INDEX PCTFREE 10 INITRANS 2 MAXTRANS 255 
  STORAGE(INITIAL 65536 NEXT 1048576 MINEXTENTS 1 MAXEXTENTS 2147483645
  PCTINCREASE 0 FREELISTS 1 FREELIST GROUPS 1 BUFFER_POOL DEFAULT FLASH_CACHE DEFAULT CELL_FLASH_CACHE DEFAULT)
  TABLESPACE "SYSTEM"  ENABLE;
  ALTER TABLE "PF_G1"."CORREGIMIENTO" MODIFY ("COD_DIST" NOT NULL ENABLE);
  ALTER TABLE "PF_G1"."CORREGIMIENTO" MODIFY ("NOMBRE_CORREG" NOT NULL ENABLE);
--------------------------------------------------------
--  Constraints for Table PER_STAT
--------------------------------------------------------

  ALTER TABLE "PF_G1"."PER_STAT" MODIFY ("APELLIDO" NOT NULL ENABLE);
  ALTER TABLE "PF_G1"."PER_STAT" MODIFY ("NOMBRE" NOT NULL ENABLE);
  ALTER TABLE "PF_G1"."PER_STAT" MODIFY ("CEDULA" NOT NULL ENABLE);
  ALTER TABLE "PF_G1"."PER_STAT" MODIFY ("ID_PERSONA" NOT NULL ENABLE);
  ALTER TABLE "PF_G1"."PER_STAT" MODIFY ("NUMSTAD" NOT NULL ENABLE);
--------------------------------------------------------
--  Constraints for Table PRUEBA
--------------------------------------------------------

  ALTER TABLE "PF_G1"."PRUEBA" ADD CONSTRAINT "PRUEBA_COD_PRUEBA_PK" PRIMARY KEY ("COD_PRUEBA")
  USING INDEX PCTFREE 10 INITRANS 2 MAXTRANS 255 
  STORAGE(INITIAL 65536 NEXT 1048576 MINEXTENTS 1 MAXEXTENTS 2147483645
  PCTINCREASE 0 FREELISTS 1 FREELIST GROUPS 1 BUFFER_POOL DEFAULT FLASH_CACHE DEFAULT CELL_FLASH_CACHE DEFAULT)
  TABLESPACE "SYSTEM"  ENABLE;
  ALTER TABLE "PF_G1"."PRUEBA" MODIFY ("TIPO_PRUEBA" NOT NULL ENABLE);
--------------------------------------------------------
--  Constraints for Table TELEFONO_P
--------------------------------------------------------

  ALTER TABLE "PF_G1"."TELEFONO_P" ADD CONSTRAINT "ID_TELEF_CD_PK" PRIMARY KEY ("ID_TELEFONO_P", "ID_PERSONA")
  USING INDEX PCTFREE 10 INITRANS 2 MAXTRANS 255 
  STORAGE(INITIAL 65536 NEXT 1048576 MINEXTENTS 1 MAXEXTENTS 2147483645
  PCTINCREASE 0 FREELISTS 1 FREELIST GROUPS 1 BUFFER_POOL DEFAULT FLASH_CACHE DEFAULT CELL_FLASH_CACHE DEFAULT)
  TABLESPACE "SYSTEM"  ENABLE;
  ALTER TABLE "PF_G1"."TELEFONO_P" MODIFY ("ID_TELEFONO_P" NOT NULL ENABLE);
--------------------------------------------------------
--  Ref Constraints for Table CORREGIMIENTO
--------------------------------------------------------

  ALTER TABLE "PF_G1"."CORREGIMIENTO" ADD CONSTRAINT "CORREGIMIENTO_COD_DIST_FK" FOREIGN KEY ("COD_DIST")
	  REFERENCES "PF_G1"."DISTRITO" ("COD_DIST") ENABLE;
--------------------------------------------------------
--  Ref Constraints for Table DISTRITO
--------------------------------------------------------

  ALTER TABLE "PF_G1"."DISTRITO" ADD CONSTRAINT "DISTRITO_COD_PROV_FK" FOREIGN KEY ("COD_PROV")
	  REFERENCES "PF_G1"."PROVINCIA" ("COD_PROV") ENABLE;
--------------------------------------------------------
--  Ref Constraints for Table DOCTOR_HOSPITAL
--------------------------------------------------------

  ALTER TABLE "PF_G1"."DOCTOR_HOSPITAL" ADD CONSTRAINT "DOCTOR_H_COD_FK" FOREIGN KEY ("COD_H")
	  REFERENCES "PF_G1"."HOSPITAL" ("COD_H") ENABLE;
  ALTER TABLE "PF_G1"."DOCTOR_HOSPITAL" ADD CONSTRAINT "DOCTOR_H_ID_FK" FOREIGN KEY ("ID_DOCTOR")
	  REFERENCES "PF_G1"."DOCTOR" ("ID_DOCTOR") ENABLE;
--------------------------------------------------------
--  Ref Constraints for Table DOMICILIO
--------------------------------------------------------

  ALTER TABLE "PF_G1"."DOMICILIO" ADD CONSTRAINT "DOMICILIO_COD_CORREG_FK" FOREIGN KEY ("COD_CORREG")
	  REFERENCES "PF_G1"."CORREGIMIENTO" ("COD_CORREG") ENABLE;
--------------------------------------------------------
--  Ref Constraints for Table PERSONA
--------------------------------------------------------

  ALTER TABLE "PF_G1"."PERSONA" ADD CONSTRAINT "INFECT_PERS_FK" FOREIGN KEY ("COD_SALA", "COD_H")
	  REFERENCES "PF_G1"."SALA" ("COD_SALA", "COD_H") ENABLE;
  ALTER TABLE "PF_G1"."PERSONA" ADD CONSTRAINT "PERSONA_NUM_DOMIC_FK" FOREIGN KEY ("NUM_DOMIC")
	  REFERENCES "PF_G1"."DOMICILIO" ("NUM_DOMIC") ENABLE;
--------------------------------------------------------
--  Ref Constraints for Table PERSONA_ENFERMEDADES_PREVIAS
--------------------------------------------------------

  ALTER TABLE "PF_G1"."PERSONA_ENFERMEDADES_PREVIAS" ADD CONSTRAINT "PERSONA_ENF_PREVIAS_COD_ENF_FK" FOREIGN KEY ("COD_ENF")
	  REFERENCES "PF_G1"."ENFERMEDADES_PREVIAS" ("COD_ENF") ENABLE;
  ALTER TABLE "PF_G1"."PERSONA_ENFERMEDADES_PREVIAS" ADD CONSTRAINT "PERSONA_ENF_PREVIAS_FK" FOREIGN KEY ("ID_PERSONA")
	  REFERENCES "PF_G1"."PERSONA" ("ID_PERSONA") ENABLE;
--------------------------------------------------------
--  Ref Constraints for Table PERSONA_PRUEBA
--------------------------------------------------------

  ALTER TABLE "PF_G1"."PERSONA_PRUEBA" ADD CONSTRAINT "PERSONA_PRUEBA_COD_FK" FOREIGN KEY ("COD_PRUEBA")
	  REFERENCES "PF_G1"."PRUEBA" ("COD_PRUEBA") ENABLE;
  ALTER TABLE "PF_G1"."PERSONA_PRUEBA" ADD CONSTRAINT "PERSONA_PRUEBA_FK" FOREIGN KEY ("ID_PERSONA")
	  REFERENCES "PF_G1"."PERSONA" ("ID_PERSONA") ENABLE;
--------------------------------------------------------
--  Ref Constraints for Table PERSONA_SINTOMA
--------------------------------------------------------

  ALTER TABLE "PF_G1"."PERSONA_SINTOMA" ADD CONSTRAINT "PERSONA_SINTOMA_ID_FK" FOREIGN KEY ("ID_PERSONA")
	  REFERENCES "PF_G1"."PERSONA" ("ID_PERSONA") ENABLE;
  ALTER TABLE "PF_G1"."PERSONA_SINTOMA" ADD CONSTRAINT "SINTOMAS_COD_FK" FOREIGN KEY ("COD_SINT")
	  REFERENCES "PF_G1"."SINTOMAS" ("COD_SINT") ENABLE;
--------------------------------------------------------
--  Ref Constraints for Table SALA
--------------------------------------------------------

  ALTER TABLE "PF_G1"."SALA" ADD CONSTRAINT "SALA_COD_H_FK" FOREIGN KEY ("COD_H")
	  REFERENCES "PF_G1"."HOSPITAL" ("COD_H") ENABLE;
--------------------------------------------------------
--  Ref Constraints for Table TELEFONO_H
--------------------------------------------------------

  ALTER TABLE "PF_G1"."TELEFONO_H" ADD CONSTRAINT "TELEFONO_COD_H_FK" FOREIGN KEY ("COD_H")
	  REFERENCES "PF_G1"."HOSPITAL" ("COD_H") ENABLE;
--------------------------------------------------------
--  Ref Constraints for Table TELEFONO_P
--------------------------------------------------------

  ALTER TABLE "PF_G1"."TELEFONO_P" ADD CONSTRAINT "ID_TEL_FK" FOREIGN KEY ("ID_TELEFONO_P")
	  REFERENCES "PF_G1"."TIPO_TELEFONO_P" ("ID_TELEFONO_P") ENABLE;
  ALTER TABLE "PF_G1"."TELEFONO_P" ADD CONSTRAINT "TELEFONO_P_ID_PERSONA_FK" FOREIGN KEY ("ID_PERSONA")
	  REFERENCES "PF_G1"."PERSONA" ("ID_PERSONA") ENABLE;
